,Survived,Pclass,Age,SibSp,Parch,Fare,male,C,Q,S
0,0,0.8273772438659699,-0.5924805998028931,0.4327933656785018,-0.4736736092984604,-0.5024451714361923,1,0,0,1
1,1,-1.5661069258891576,0.6387890120425208,0.4327933656785018,-0.4736736092984604,0.7868452935884461,0,1,0,0
2,1,0.8273772438659699,-0.2846631968415396,-0.47454519624983954,-0.4736736092984604,-0.4888542575852486,0,0,0,1
3,1,-1.5661069258891576,0.40792595982150565,0.4327933656785018,-0.4736736092984604,0.4207302360686478,0,0,0,1
4,0,0.8273772438659699,0.40792595982150565,-0.47454519624983954,-0.4736736092984604,-0.4863374216869257,1,0,0,1
5,0,0.8273772438659699,0.0,-0.47454519624983954,-0.4736736092984604,-0.47811642890864375,1,0,1,0
6,0,-1.5661069258891576,1.8700586238879346,-0.47454519624983954,-0.4736736092984604,0.395813560675251,1,0,0,1
7,0,0.8273772438659699,-2.1315676146096605,2.2474704895351842,0.7676298785983874,-0.22408312108167944,1,0,0,1
8,1,0.8273772438659699,-0.20770884610120124,-0.47454519624983954,2.0089333664952354,-0.4242561406845337,0,0,0,1
9,1,-0.3693648410115938,-1.2081154057256,0.4327933656785018,-0.4736736092984604,-0.04295550208861426,0,1,0,0
10,1,0.8273772438659699,-1.9776589131289837,0.4327933656785018,0.7676298785983874,-0.312172377522981,0,0,0,1
11,1,-1.5661069258891576,2.177876026849288,-0.47454519624983954,-0.4736736092984604,-0.11384570873513637,0,0,0,1
12,0,0.8273772438659699,-0.7463893012835698,-0.47454519624983954,-0.4736736092984604,-0.4863374216869257,1,0,0,1
13,0,0.8273772438659699,0.7157433627828591,0.4327933656785018,5.73284383018578,-0.01870931177853076,1,0,0,1
14,0,0.8273772438659699,-1.2081154057256,-0.47454519624983954,-0.4736736092984604,-0.4902797934380587,0,0,0,1
15,1,-0.3693648410115938,1.947012974628273,-0.47454519624983954,-0.4736736092984604,-0.3262666585535892,0,0,0,1
16,0,0.8273772438659699,-2.1315676146096605,3.1548090514635256,0.7676298785983874,-0.06199888922968463,1,0,1,0
17,1,-0.3693648410115938,0.0,-0.47454519624983954,-0.4736736092984604,-0.3866707201133388,1,0,0,1
18,0,0.8273772438659699,0.1001085568601522,0.4327933656785018,-0.4736736092984604,-0.2859972841804228,0,0,0,1
19,1,0.8273772438659699,0.0,-0.47454519624983954,-0.4736736092984604,-0.5029485386158568,0,1,0,0
20,0,-0.3693648410115938,0.40792595982150565,-0.47454519624983954,-0.4736736092984604,-0.12491978668775715,1,0,0,1
21,1,-0.3693648410115938,0.3309716090811673,-0.47454519624983954,-0.4736736092984604,-0.3866707201133388,1,0,0,1
22,1,0.8273772438659699,-1.1311610549852615,-0.47454519624983954,-0.4736736092984604,-0.4867562231804066,0,0,1,0
23,1,-1.5661069258891576,-0.1307544953608629,-0.47454519624983954,-0.4736736092984604,0.06635974158478332,1,0,0,1
24,0,0.8273772438659699,-1.6698415101676303,2.2474704895351842,0.7676298785983874,-0.22408312108167944,0,0,0,1
25,1,0.8273772438659699,0.6387890120425208,0.4327933656785018,5.73284383018578,-0.016444159470040135,0,0,0,1
26,0,0.8273772438659699,0.0,-0.47454519624983954,-0.4736736092984604,-0.5029485386158568,1,1,0,0
27,0,-1.5661069258891576,-0.8233436520239081,2.2474704895351842,2.0089333664952354,4.647001076532463,1,0,0,1
28,1,0.8273772438659699,0.0,-0.47454519624983954,-0.4736736092984604,-0.48977642625839407,0,0,1,0
29,0,0.8273772438659699,0.0,-0.47454519624983954,-0.4736736092984604,-0.4894421904510968,1,0,0,1
30,0,-1.5661069258891576,0.7926977135231975,-0.47454519624983954,-0.4736736092984604,-0.09027201697708476,1,1,0,0
31,1,-1.5661069258891576,0.0,0.4327933656785018,-0.4736736092984604,2.301728820789,0,1,0,0
32,1,0.8273772438659699,0.0,-0.47454519624983954,-0.4736736092984604,-0.49237782784290063,0,0,1,0
33,0,-0.3693648410115938,2.793510832771995,-0.47454519624983954,-0.4736736092984604,-0.43700743807979686,1,0,0,1
34,0,-1.5661069258891576,-0.1307544953608629,0.4327933656785018,-0.4736736092984604,1.0060617003323709,1,1,0,0
35,0,-1.5661069258891576,0.9466064150038742,0.4327933656785018,-0.4736736092984604,0.39858208016340624,1,0,0,1
36,1,0.8273772438659699,0.0,-0.47454519624983954,-0.4736736092984604,-0.5028639729296732,1,1,0,0
37,0,0.8273772438659699,-0.6694349505432314,-0.47454519624983954,-0.4736736092984604,-0.4863374216869257,1,0,0,1
38,0,0.8273772438659699,-0.9002980027642465,1.340131927606843,-0.4736736092984604,-0.2859972841804228,0,0,0,1
39,1,0.8273772438659699,-1.2081154057256,0.4327933656785018,-0.4736736092984604,-0.42207354059350805,0,1,0,0
40,0,0.8273772438659699,0.7926977135231975,0.4327933656785018,-0.4736736092984604,-0.4576454924460446,0,0,0,1
41,0,-0.3693648410115938,-0.20770884610120124,0.4327933656785018,-0.4736736092984604,-0.22559322262067316,0,0,0,1
42,0,0.8273772438659699,0.0,-0.47454519624983954,-0.4736736092984604,-0.4894421904510968,1,1,0,0
43,1,-0.3693648410115938,-2.054613263869322,0.4327933656785018,2.0089333664952354,0.18876253192945994,0,1,0,0
44,1,0.8273772438659699,-0.8233436520239081,-0.47454519624983954,-0.4736736092984604,-0.48977642625839407,0,0,1,0
45,0,0.8273772438659699,0.0,-0.47454519624983954,-0.4736736092984604,-0.4863374216869257,1,0,0,1
46,0,0.8273772438659699,0.0,0.4327933656785018,-0.4736736092984604,-0.3363340021468808,1,0,1,0
47,1,0.8273772438659699,0.0,-0.47454519624983954,-0.4736736092984604,-0.49237782784290063,0,0,1,0
48,0,0.8273772438659699,0.0,1.340131927606843,-0.4736736092984604,-0.21191774308354583,1,1,0,0
49,0,0.8273772438659699,-0.9002980027642465,0.4327933656785018,-0.4736736092984604,-0.29002422161773944,0,0,0,1
50,0,0.8273772438659699,-1.7467958609079686,3.1548090514635256,0.7676298785983874,0.1506737441786005,1,0,0,1
51,0,0.8273772438659699,-0.6694349505432314,-0.47454519624983954,-0.4736736092984604,-0.4913710934835715,1,0,0,1
52,1,-1.5661069258891576,1.4852868701862427,0.4327933656785018,-0.4736736092984604,0.8964967865378598,0,1,0,0
53,1,-0.3693648410115938,-0.05380014462052453,0.4327933656785018,-0.4736736092984604,-0.12491978668775715,0,0,0,1
54,0,-1.5661069258891576,2.7165564820316566,-0.47454519624983954,0.7676298785983874,0.5995101505357573,1,1,0,0
55,1,-1.5661069258891576,0.0,-0.47454519624983954,-0.4736736092984604,0.06635974158478332,1,0,0,1
56,1,-0.3693648410115938,-0.6694349505432314,-0.47454519624983954,-0.4736736092984604,-0.43700743807979686,0,0,0,1
57,0,0.8273772438659699,-0.0922773199906937,-0.47454519624983954,-0.4736736092984604,-0.5028639729296732,1,1,0,0
58,1,-0.3693648410115938,-1.9007045623886454,0.4327933656785018,2.0089333664952354,-0.08968408411123653,0,0,0,1
59,0,0.8273772438659699,-1.4389784579466152,4.0621476133918675,2.0089333664952354,0.2958951755118318,1,0,0,1
60,0,0.8273772438659699,-0.5924805998028931,-0.47454519624983954,-0.4736736092984604,-0.5028639729296732,1,1,0,0
61,1,-1.5661069258891576,0.6387890120425208,-0.47454519624983954,-0.4736736092984604,0.962353321387736,0,0,0,1
62,0,-1.5661069258891576,1.1774694672248893,0.4327933656785018,-0.4736736092984604,1.0323213593611125,1,0,0,1
63,0,0.8273772438659699,-1.9776589131289837,2.2474704895351842,2.0089333664952354,-0.08666388103324908,1,0,0,1
64,0,-1.5661069258891576,0.0,-0.47454519624983954,-0.4736736092984604,-0.09027201697708476,1,1,0,0
65,1,0.8273772438659699,0.0,0.4327933656785018,0.7676298785983874,-0.3414522396297103,1,1,0,0
66,1,-0.3693648410115938,-0.05380014462052453,-0.47454519624983954,-0.4736736092984604,-0.43700743807979686,0,0,0,1
67,0,0.8273772438659699,-0.8233436520239081,-0.47454519624983954,-0.4736736092984604,-0.4841568350646187,1,0,0,1
68,1,0.8273772438659699,-0.977252353504585,3.1548090514635256,2.0089333664952354,-0.4888542575852486,0,0,0,1
69,0,0.8273772438659699,-0.2846631968415396,1.340131927606843,-0.4736736092984604,-0.47400492578514347,1,0,0,1
70,0,-0.3693648410115938,0.17706290760049057,-0.47454519624983954,-0.4736736092984604,-0.43700743807979686,1,0,0,1
71,0,0.8273772438659699,-1.0542067042449232,4.0621476133918675,2.0089333664952354,0.2958951755118318,0,0,0,1
72,0,-0.3693648410115938,-0.6694349505432314,-0.47454519624983954,-0.4736736092984604,0.8314778546749452,1,0,0,1
73,0,0.8273772438659699,-0.2846631968415396,0.4327933656785018,-0.4736736092984604,-0.3573908580066095,1,1,0,0
74,1,0.8273772438659699,0.17706290760049057,-0.47454519624983954,-0.4736736092984604,0.48910360681684706,1,0,0,1
75,0,0.8273772438659699,-0.361617547581878,-0.47454519624983954,-0.4736736092984604,-0.494391296561559,1,0,0,1
76,0,0.8273772438659699,0.0,-0.47454519624983954,-0.4736736092984604,-0.4894421904510968,1,0,0,1
77,0,0.8273772438659699,0.0,-0.47454519624983954,-0.4736736092984604,-0.4863374216869257,1,0,0,1
78,1,-0.3693648410115938,-2.2216042049758564,-0.47454519624983954,2.0089333664952354,-0.06451572512800753,1,0,0,1
79,1,0.8273772438659699,0.02315420611981384,-0.47454519624983954,-0.4736736092984604,-0.397241430886295,0,0,0,1
80,0,0.8273772438659699,-0.5924805998028931,-0.47454519624983954,-0.4736736092984604,-0.46720946885967163,1,0,0,1
81,1,0.8273772438659699,-0.05380014462052453,-0.47454519624983954,-0.4736736092984604,-0.45714212526638004,1,0,0,1
82,1,0.8273772438659699,0.0,-0.47454519624983954,-0.4736736092984604,-0.49162277707340374,0,0,1,0
83,0,-1.5661069258891576,-0.1307544953608629,-0.47454519624983954,-0.4736736092984604,0.29992211294914856,1,0,0,1
84,1,-0.3693648410115938,-0.977252353504585,-0.47454519624983954,-0.4736736092984604,-0.43700743807979686,0,0,0,1
85,1,0.8273772438659699,0.25401725834082894,2.2474704895351842,-0.4736736092984604,-0.32928686163157667,0,0,0,1
86,0,0.8273772438659699,-1.0542067042449232,0.4327933656785018,3.250236854392083,0.04370821849987721,1,0,0,1
87,0,0.8273772438659699,0.0,-0.47454519624983954,-0.4736736092984604,-0.4863374216869257,1,0,0,1
88,1,-1.5661069258891576,-0.5155262490625547,2.2474704895351842,2.0089333664952354,4.647001076532463,0,0,0,1
89,0,0.8273772438659699,-0.4385718983222164,-0.47454519624983954,-0.4736736092984604,-0.4863374216869257,1,0,0,1
90,0,0.8273772438659699,-0.05380014462052453,-0.47454519624983954,-0.4736736092984604,-0.4863374216869257,1,0,0,1
91,0,0.8273772438659699,-0.7463893012835698,-0.47454519624983954,-0.4736736092984604,-0.4902797934380587,1,0,0,1
92,0,-1.5661069258891576,1.2544238179652276,0.4327933656785018,-0.4736736092984604,0.5833178351003071,1,0,0,1
93,0,0.8273772438659699,-0.2846631968415396,0.4327933656785018,2.0089333664952354,-0.23415046467497105,1,0,0,1
94,0,0.8273772438659699,2.2548303775896263,-0.47454519624983954,-0.4736736092984604,-0.5024451714361923,1,0,0,1
95,0,0.8273772438659699,0.0,-0.47454519624983954,-0.4736736092984604,-0.4863374216869257,1,0,0,1
96,0,-1.5661069258891576,3.1782825864736868,-0.47454519624983954,-0.4736736092984604,0.0493298231623713,1,1,0,0
97,1,-1.5661069258891576,-0.5155262490625547,-0.47454519624983954,0.7676298785983874,0.6272778976347743,1,1,0,0
98,1,-0.3693648410115938,0.3309716090811673,-0.47454519624983954,0.7676298785983874,-0.18532384824750675,0,0,0,1
99,0,-0.3693648410115938,0.3309716090811673,0.4327933656785018,-0.4736736092984604,-0.12491978668775715,1,0,0,1
100,0,0.8273772438659699,-0.1307544953608629,-0.47454519624983954,-0.4736736092984604,-0.4894421904510968,0,0,0,1
101,0,0.8273772438659699,0.0,-0.47454519624983954,-0.4736736092984604,-0.4894421904510968,1,0,0,1
102,0,-1.5661069258891576,-0.6694349505432314,-0.47454519624983954,0.7676298785983874,0.907737982394129,1,0,0,1
103,0,0.8273772438659699,0.25401725834082894,-0.47454519624983954,-0.4736736092984604,-0.4741720436887921,1,0,0,1
104,0,0.8273772438659699,0.5618346613021824,1.340131927606843,-0.4736736092984604,-0.4888542575852486,1,0,0,1
105,0,0.8273772438659699,-0.1307544953608629,-0.47454519624983954,-0.4736736092984604,-0.4894421904510968,1,0,0,1
106,1,0.8273772438659699,-0.6694349505432314,-0.47454519624983954,-0.4736736092984604,-0.494391296561559,0,0,0,1
107,1,0.8273772438659699,0.0,-0.47454519624983954,-0.4736736092984604,-0.4918744606632361,1,0,0,1
108,0,0.8273772438659699,0.6387890120425208,-0.47454519624983954,-0.4736736092984604,-0.4894421904510968,1,0,0,1
109,1,0.8273772438659699,0.0,0.4327933656785018,-0.4736736092984604,-0.1621689579829361,0,0,1,0
110,0,-1.5661069258891576,1.3313781687055661,-0.47454519624983954,-0.4736736092984604,0.39858208016340624,1,0,0,1
111,0,0.8273772438659699,-1.169638230355431,0.4327933656785018,-0.4736736092984604,-0.3573908580066095,0,1,0,0
112,0,0.8273772438659699,-0.5924805998028931,-0.47454519624983954,-0.4736736092984604,-0.4863374216869257,1,0,0,1
113,0,0.8273772438659699,-0.7463893012835698,0.4327933656785018,-0.4736736092984604,-0.4505983519307405,0,0,0,1
114,0,0.8273772438659699,-0.977252353504585,-0.47454519624983954,-0.4736736092984604,-0.3573083057891445,0,1,0,0
115,0,0.8273772438659699,-0.6694349505432314,-0.47454519624983954,-0.4736736092984604,-0.4888542575852486,1,0,0,1
116,0,0.8273772438659699,3.139805411103518,-0.47454519624983954,-0.4736736092984604,-0.49237782784290063,1,0,1,0
117,0,-0.3693648410115938,-0.05380014462052453,0.4327933656785018,-0.4736736092984604,-0.22559322262067316,1,0,0,1
118,0,-1.5661069258891576,-0.4385718983222164,-0.47454519624983954,0.7676298785983874,4.335332226633905,1,1,0,0
119,0,0.8273772438659699,-2.1315676146096605,3.1548090514635256,2.0089333664952354,-0.01870931177853076,0,0,0,1
120,0,-0.3693648410115938,-0.6694349505432314,1.340131927606843,-0.4736736092984604,0.8314778546749452,1,0,0,1
121,0,0.8273772438659699,0.0,-0.47454519624983954,-0.4736736092984604,-0.4863374216869257,1,0,0,1
122,0,-0.3693648410115938,0.21554008297065974,0.4327933656785018,-0.4736736092984604,-0.04295550208861426,1,1,0,0
123,1,-0.3693648410115938,0.21554008297065974,-0.47454519624983954,-0.4736736092984604,-0.3866707201133388,0,0,0,1
124,0,-1.5661069258891576,1.8700586238879346,-0.47454519624983954,0.7676298785983874,0.907737982394129,1,0,0,1
125,1,0.8273772438659699,-1.3620241072062766,0.4327933656785018,-0.4736736092984604,-0.42207354059350805,1,1,0,0
126,0,0.8273772438659699,0.0,-0.47454519624983954,-0.4736736092984604,-0.49237782784290063,1,0,1,0
127,1,0.8273772438659699,-0.4385718983222164,-0.47454519624983954,-0.4736736092984604,-0.5046257580584992,1,0,0,1
128,1,0.8273772438659699,0.0,0.4327933656785018,0.7676298785983874,-0.19824427701513722,0,1,0,0
129,0,0.8273772438659699,1.1774694672248893,-0.47454519624983954,-0.4736736092984604,-0.5079822104125026,1,0,0,1
130,0,0.8273772438659699,0.25401725834082894,-0.47454519624983954,-0.4736736092984604,-0.4894421904510968,1,1,0,0
131,0,0.8273772438659699,-0.7463893012835698,-0.47454519624983954,-0.4736736092984604,-0.5064721088735089,1,0,0,1
132,0,0.8273772438659699,1.3313781687055661,0.4327933656785018,-0.4736736092984604,-0.35646868933346404,0,0,0,1
133,1,-0.3693648410115938,-0.05380014462052453,0.4327933656785018,-0.4736736092984604,-0.12491978668775715,0,0,0,1
134,0,-0.3693648410115938,-0.361617547581878,-0.47454519624983954,-0.4736736092984604,-0.3866707201133388,1,0,0,1
135,0,-0.3693648410115938,-0.5155262490625547,-0.47454519624983954,-0.4736736092984604,-0.3454791770670269,1,1,0,0
136,1,-1.5661069258891576,-0.8233436520239081,-0.47454519624983954,2.0089333664952354,-0.11921562980779811,0,0,0,1
137,0,-1.5661069258891576,0.5618346613021824,0.4327933656785018,-0.4736736092984604,0.4207302360686478,1,0,0,1
138,0,0.8273772438659699,-1.0542067042449232,-0.47454519624983954,-0.4736736092984604,-0.4628462821463391,1,0,0,1
139,0,-1.5661069258891576,-0.4385718983222164,-0.47454519624983954,-0.4736736092984604,0.9462455716384695,1,1,0,0
140,0,0.8273772438659699,0.0,-0.47454519624983954,2.0089333664952354,-0.3414522396297103,0,1,0,0
141,1,0.8273772438659699,-0.5924805998028931,-0.47454519624983954,-0.4736736092984604,-0.49237782784290063,0,0,0,1
142,1,0.8273772438659699,-0.4385718983222164,0.4327933656785018,-0.4736736092984604,-0.32928686163157667,0,0,0,1
143,0,0.8273772438659699,-0.8233436520239081,-0.47454519624983954,-0.4736736092984604,-0.5125125150294839,1,0,1,0
144,0,-0.3693648410115938,-0.9002980027642465,-0.47454519624983954,-0.4736736092984604,-0.41687275089321363,1,0,0,1
145,0,-0.3693648410115938,-0.8233436520239081,0.4327933656785018,0.7676298785983874,0.09152810056801232,1,0,0,1
146,1,0.8273772438659699,-0.20770884610120124,-0.47454519624983954,-0.4736736092984604,-0.49145565916975514,1,0,0,1
147,0,0.8273772438659699,-1.5928871594272918,1.340131927606843,2.0089333664952354,0.04370821849987721,0,0,0,1
148,0,-0.3693648410115938,0.5233574859320133,-0.47454519624983954,2.0089333664952354,-0.12491978668775715,1,0,0,1
149,0,-0.3693648410115938,0.9466064150038742,-0.47454519624983954,-0.4736736092984604,-0.3866707201133388,1,0,0,1
150,0,-0.3693648410115938,1.6391955716669195,-0.47454519624983954,-0.4736736092984604,-0.39623469652696586,1,0,0,1
151,1,-1.5661069258891576,-0.5924805998028931,0.4327933656785018,-0.4736736092984604,0.6925485130875209,0,0,0,1
152,0,0.8273772438659699,1.985490149998442,-0.47454519624983954,-0.4736736092984604,-0.4863374216869257,1,0,0,1
153,0,0.8273772438659699,0.8311748888933667,-0.47454519624983954,2.0089333664952354,-0.35646868933346404,1,0,0,1
154,0,0.8273772438659699,0.0,-0.47454519624983954,-0.4736736092984604,-0.5011867534870308,1,0,0,1
155,0,-1.5661069258891576,1.6391955716669195,-0.47454519624983954,0.7676298785983874,0.5874293382238074,1,1,0,0
156,1,0.8273772438659699,-1.0542067042449232,-0.47454519624983954,-0.4736736092984604,-0.49271407711891657,0,0,1,0
157,0,0.8273772438659699,0.02315420611981384,-0.47454519624983954,-0.4736736092984604,-0.4863374216869257,1,0,0,1
158,0,0.8273772438659699,0.0,-0.47454519624983954,-0.4736736092984604,-0.47400492578514347,1,0,0,1
159,0,0.8273772438659699,0.0,6.784163299176891,2.0089333664952354,0.7519458402879414,1,0,0,1
160,0,0.8273772438659699,1.100515116484551,-0.47454519624983954,0.7676298785983874,-0.32425318983493084,1,0,0,1
161,1,-0.3693648410115938,0.7926977135231975,-0.47454519624983954,-0.4736736092984604,-0.331300330350235,0,0,0,1
162,0,0.8273772438659699,-0.2846631968415396,-0.47454519624983954,-0.4736736092984604,-0.4918744606632361,1,0,0,1
163,0,0.8273772438659699,-0.977252353504585,-0.47454519624983954,-0.4736736092984604,-0.47400492578514347,1,0,0,1
164,0,0.8273772438659699,-2.208521965349999,3.1548090514635256,0.7676298785983874,0.1506737441786005,1,0,0,1
165,1,0.8273772438659699,-1.5928871594272918,-0.47454519624983954,2.0089333664952354,-0.2351571990343002,1,0,0,1
166,1,-1.5661069258891576,0.0,-0.47454519624983954,0.7676298785983874,0.4589861417231558,0,0,0,1
167,0,0.8273772438659699,1.1774694672248893,0.4327933656785018,4.491540342288931,-0.08666388103324908,0,0,0,1
168,0,-1.5661069258891576,0.0,-0.47454519624983954,-0.4736736092984604,-0.12642988822675086,1,0,0,1
169,0,0.8273772438659699,-0.1307544953608629,-0.47454519624983954,-0.4736736092984604,0.48910360681684706,1,0,0,1
170,0,-1.5661069258891576,2.4087390790703034,-0.47454519624983954,-0.4736736092984604,0.026090367211616904,1,0,0,1
171,0,0.8273772438659699,-1.9776589131289837,3.1548090514635256,0.7676298785983874,-0.06199888922968463,1,0,1,0
172,1,0.8273772438659699,-2.208521965349999,0.4327933656785018,0.7676298785983874,-0.4242561406845337,0,0,0,1
173,0,0.8273772438659699,-0.6694349505432314,-0.47454519624983954,-0.4736736092984604,-0.4888542575852486,1,0,0,1
174,0,-1.5661069258891576,2.0239673253686115,-0.47454519624983954,-0.4736736092984604,-0.030371322596999754,1,1,0,0
175,0,0.8273772438659699,-0.9002980027642465,0.4327933656785018,0.7676298785983874,-0.4902797934380587,1,0,0,1
176,0,0.8273772438659699,0.0,2.2474704895351842,0.7676298785983874,-0.13565761536436197,1,0,0,1
177,0,-1.5661069258891576,1.5622412209265812,-0.47454519624983954,-0.4736736092984604,-0.07030444769415023,0,1,0,0
178,0,-0.3693648410115938,0.02315420611981384,-0.47454519624983954,-0.4736736092984604,-0.3866707201133388,1,0,0,1
179,0,0.8273772438659699,0.48488031056184405,-0.47454519624983954,-0.4736736092984604,-0.6484216535389205,1,0,0,1
180,0,0.8273772438659699,0.0,6.784163299176891,2.0089333664952354,0.7519458402879414,0,0,0,1
181,0,-0.3693648410115938,0.0,-0.47454519624983954,-0.4736736092984604,-0.34539461138084326,1,1,0,0
182,0,0.8273772438659699,-1.5928871594272918,3.1548090514635256,2.0089333664952354,-0.016444159470040135,1,0,0,1
183,1,-0.3693648410115938,-2.208521965349999,1.340131927606843,0.7676298785983874,0.13683114673782454,1,0,0,1
184,1,0.8273772438659699,-1.9776589131289837,-0.47454519624983954,2.0089333664952354,-0.20495516825442542,0,0,0,1
185,0,-1.5661069258891576,0.0,-0.47454519624983954,-0.4736736092984604,0.3583127057902398,1,0,0,1
186,1,0.8273772438659699,0.0,0.4327933656785018,-0.4736736092984604,-0.3363340021468808,0,0,1,0
187,1,-1.5661069258891576,1.1774694672248893,-0.47454519624983954,-0.4736736092984604,-0.11384570873513637,1,0,0,1
188,0,0.8273772438659699,0.7926977135231975,0.4327933656785018,0.7676298785983874,-0.3363340021468808,1,0,1,0
189,0,0.8273772438659699,0.48488031056184405,-0.47454519624983954,-0.4736736092984604,-0.4894421904510968,1,0,0,1
190,1,-0.3693648410115938,0.17706290760049057,-0.47454519624983954,-0.4736736092984604,-0.3866707201133388,0,0,0,1
191,0,-0.3693648410115938,-0.8233436520239081,-0.47454519624983954,-0.4736736092984604,-0.3866707201133388,1,0,0,1
192,1,0.8273772438659699,-0.8233436520239081,0.4327933656785018,-0.4736736092984604,-0.4902797934380587,0,0,0,1
193,1,-0.3693648410115938,-2.054613263869322,0.4327933656785018,0.7676298785983874,-0.12491978668775715,1,0,0,1
194,1,-1.5661069258891576,1.100515116484551,-0.47454519624983954,-0.4736736092984604,-0.09027201697708476,0,1,0,0
195,1,-1.5661069258891576,2.177876026849288,-0.47454519624983954,-0.4736736092984604,2.301728820789,0,1,0,0
196,0,0.8273772438659699,0.0,-0.47454519624983954,-0.4736736092984604,-0.49237782784290063,1,0,1,0
197,0,0.8273772438659699,0.9466064150038742,-0.47454519624983954,0.7676298785983874,-0.47920571548543794,1,0,0,1
198,1,0.8273772438659699,0.0,-0.47454519624983954,-0.4736736092984604,-0.49237782784290063,0,0,1,0
199,0,-0.3693648410115938,-0.4385718983222164,-0.47454519624983954,-0.4736736092984604,-0.3866707201133388,0,0,0,1
200,0,0.8273772438659699,-0.1307544953608629,-0.47454519624983954,-0.4736736092984604,-0.45714212526638004,1,0,0,1
201,0,0.8273772438659699,0.0,6.784163299176891,2.0089333664952354,0.7519458402879414,1,0,0,1
202,0,0.8273772438659699,0.3309716090811673,-0.47454519624983954,-0.4736736092984604,-0.5176307525123133,1,0,0,1
203,0,0.8273772438659699,1.2159466425950585,-0.47454519624983954,-0.4736736092984604,-0.5029485386158568,1,1,0,0
204,1,0.8273772438659699,-0.9002980027642465,-0.47454519624983954,-0.4736736092984604,-0.4863374216869257,1,0,0,1
205,0,0.8273772438659699,-2.1315676146096605,-0.47454519624983954,0.7676298785983874,-0.43776248884929375,0,0,0,1
206,0,0.8273772438659699,0.17706290760049057,0.4327933656785018,-0.4736736092984604,-0.32928686163157667,1,0,0,1
207,1,0.8273772438659699,-0.2846631968415396,-0.47454519624983954,-0.4736736092984604,-0.2701412180209885,1,1,0,0
208,1,0.8273772438659699,-1.0542067042449232,-0.47454519624983954,-0.4736736092984604,-0.49237782784290063,0,0,1,0
209,1,-1.5661069258891576,0.7926977135231975,-0.47454519624983954,-0.4736736092984604,-0.024246350754841113,1,1,0,0
210,0,0.8273772438659699,-0.4385718983222164,-0.47454519624983954,-0.4736736092984604,-0.5064721088735089,1,0,0,1
211,1,-0.3693648410115938,0.40792595982150565,-0.47454519624983954,-0.4736736092984604,-0.22559322262067316,0,0,0,1
212,0,0.8273772438659699,-0.5924805998028931,-0.47454519624983954,-0.4736736092984604,-0.5024451714361923,1,0,0,1
213,0,-0.3693648410115938,0.02315420611981384,-0.47454519624983954,-0.4736736092984604,-0.3866707201133388,1,0,0,1
214,0,0.8273772438659699,0.0,0.4327933656785018,-0.4736736092984604,-0.49237782784290063,1,0,1,0
215,1,-1.5661069258891576,0.1001085568601522,0.4327933656785018,-0.4736736092984604,1.6323350375212924,0,1,0,0
216,1,0.8273772438659699,-0.20770884610120124,-0.47454519624983954,-0.4736736092984604,-0.4888542575852486,0,0,0,1
217,0,-0.3693648410115938,0.9466064150038742,0.4327933656785018,-0.4736736092984604,-0.10478509950117394,1,0,0,1
218,1,-1.5661069258891576,0.17706290760049057,-0.47454519624983954,-0.4736736092984604,0.8876878608937296,0,1,0,0
219,0,-0.3693648410115938,0.02315420611981384,-0.47454519624983954,-0.4736736092984604,-0.43700743807979686,1,0,0,1
220,1,0.8273772438659699,-1.0542067042449232,-0.47454519624983954,-0.4736736092984604,-0.4863374216869257,1,0,0,1
221,0,-0.3693648410115938,-0.20770884610120124,-0.47454519624983954,-0.4736736092984604,-0.3866707201133388,1,0,0,1
222,0,0.8273772438659699,1.6391955716669195,-0.47454519624983954,-0.4736736092984604,-0.4863374216869257,1,0,0,1
223,0,0.8273772438659699,0.0,-0.47454519624983954,-0.4736736092984604,-0.4894421904510968,1,0,0,1
224,1,-1.5661069258891576,0.6387890120425208,0.4327933656785018,-0.4736736092984604,1.163700193253568,1,0,0,1
225,0,0.8273772438659699,-0.5924805998028931,-0.47454519624983954,-0.4736736092984604,-0.4601623283443675,1,0,0,1
226,1,-0.3693648410115938,-0.8233436520239081,-0.47454519624983954,-0.4736736092984604,-0.43700743807979686,1,0,0,1
227,0,0.8273772438659699,-0.7079121259134006,-0.47454519624983954,-0.4736736092984604,-0.5024451714361923,1,0,0,1
228,0,-0.3693648410115938,-0.9002980027642465,-0.47454519624983954,-0.4736736092984604,-0.3866707201133388,1,0,0,1
229,0,0.8273772438659699,0.0,2.2474704895351842,0.7676298785983874,-0.13565761536436197,0,0,0,1
230,1,-1.5661069258891576,0.40792595982150565,0.4327933656785018,-0.4736736092984604,1.0323213593611125,0,0,0,1
231,0,0.8273772438659699,-0.05380014462052453,-0.47454519624983954,-0.4736736092984604,-0.4918744606632361,1,0,0,1
232,0,-0.3693648410115938,2.2548303775896263,-0.47454519624983954,-0.4736736092984604,-0.3766033765200472,1,0,0,1
233,1,0.8273772438659699,-1.9007045623886454,3.1548090514635256,2.0089333664952354,-0.016444159470040135,0,0,0,1
234,0,-0.3693648410115938,-0.4385718983222164,-0.47454519624983954,-0.4736736092984604,-0.43700743807979686,1,0,0,1
235,0,0.8273772438659699,0.0,-0.47454519624983954,-0.4736736092984604,-0.49640476528021726,0,0,0,1
236,0,-0.3693648410115938,1.100515116484551,0.4327933656785018,-0.4736736092984604,-0.12491978668775715,1,0,0,1
237,1,-0.3693648410115938,-1.6698415101676303,-0.47454519624983954,2.0089333664952354,-0.11988611489111134,0,0,0,1
238,0,-0.3693648410115938,-0.8233436520239081,-0.47454519624983954,-0.4736736092984604,-0.43700743807979686,1,0,0,1
239,0,-0.3693648410115938,0.25401725834082894,-0.47454519624983954,-0.4736736092984604,-0.4012683683236117,1,0,0,1
240,0,0.8273772438659699,0.0,0.4327933656785018,-0.4736736092984604,-0.3573908580066095,0,1,0,0
241,1,0.8273772438659699,0.0,0.4327933656785018,-0.4736736092984604,-0.3363340021468808,0,0,1,0
242,0,-0.3693648410115938,-0.05380014462052453,-0.47454519624983954,-0.4736736092984604,-0.43700743807979686,1,0,0,1
243,0,0.8273772438659699,-0.5924805998028931,-0.47454519624983954,-0.4736736092984604,-0.5049620073345151,1,0,0,1
244,0,0.8273772438659699,0.02315420611981384,-0.47454519624983954,-0.4736736092984604,-0.5029485386158568,1,1,0,0
245,0,-1.5661069258891576,1.100515116484551,1.340131927606843,-0.4736736092984604,1.163700193253568,1,0,1,0
246,0,0.8273772438659699,-0.361617547581878,-0.47454519624983954,-0.4736736092984604,-0.4918744606632361,0,0,0,1
247,1,-0.3693648410115938,-0.4385718983222164,-0.47454519624983954,2.0089333664952354,-0.35646868933346404,0,0,0,1
248,1,-1.5661069258891576,0.5618346613021824,0.4327933656785018,0.7676298785983874,0.40974072380221066,1,0,0,1
249,0,-0.3693648410115938,1.8700586238879346,0.4327933656785018,-0.4736736092984604,-0.12491978668775715,1,0,0,1
250,0,0.8273772438659699,0.0,-0.47454519624983954,-0.4736736092984604,-0.5024451714361923,1,0,0,1
251,0,0.8273772438659699,-0.05380014462052453,0.4327933656785018,0.7676298785983874,-0.43776248884929375,0,0,0,1
252,0,-1.5661069258891576,2.4856934298106417,-0.47454519624983954,-0.4736736092984604,-0.11384570873513637,1,0,0,1
253,0,0.8273772438659699,0.02315420611981384,0.4327933656785018,-0.4736736092984604,-0.32425318983493084,1,0,0,1
254,0,0.8273772438659699,0.8696520642635358,-0.47454519624983954,2.0089333664952354,-0.2414492887801075,0,0,0,1
255,1,0.8273772438659699,-0.05380014462052453,-0.47454519624983954,2.0089333664952354,-0.3414522396297103,0,1,0,0
256,1,-1.5661069258891576,0.0,-0.47454519624983954,-0.4736736092984604,0.9462455716384695,0,1,0,0
257,1,-1.5661069258891576,0.02315420611981384,-0.47454519624983954,-0.4736736092984604,1.093228788100527,0,0,0,1
258,1,-1.5661069258891576,0.40792595982150565,-0.47454519624983954,-0.4736736092984604,9.667166525013505,0,1,0,0
259,1,-0.3693648410115938,1.5622412209265812,-0.47454519624983954,0.7676298785983874,-0.12491978668775715,0,0,0,1
260,0,0.8273772438659699,0.0,-0.47454519624983954,-0.4736736092984604,-0.49237782784290063,1,0,1,0
261,1,0.8273772438659699,-2.054613263869322,3.1548090514635256,2.0089333664952354,-0.016444159470040135,1,0,0,1
262,0,-1.5661069258891576,1.7161499224072578,0.4327933656785018,0.7676298785983874,0.955306180872432,1,0,0,1
263,0,-1.5661069258891576,0.7926977135231975,-0.47454519624983954,-0.4736736092984604,-0.6484216535389205,1,0,0,1
264,0,0.8273772438659699,0.0,-0.47454519624983954,-0.4736736092984604,-0.49237782784290063,0,0,1,0
265,0,-0.3693648410115938,0.48488031056184405,-0.47454519624983954,-0.4736736092984604,-0.43700743807979686,1,0,0,1
266,0,0.8273772438659699,-1.0542067042449232,3.1548090514635256,0.7676298785983874,0.1506737441786005,1,0,0,1
267,1,0.8273772438659699,-0.361617547581878,0.4327933656785018,-0.4736736092984604,-0.4918744606632361,1,0,0,1
268,1,-1.5661069258891576,2.177876026849288,-0.47454519624983954,0.7676298785983874,2.441497778832105,0,0,0,1
269,1,-1.5661069258891576,0.40792595982150565,-0.47454519624983954,-0.4736736092984604,2.0825124140450755,0,0,0,1
270,0,-1.5661069258891576,0.0,-0.47454519624983954,-0.4736736092984604,-0.024246350754841113,1,0,0,1
271,1,0.8273772438659699,-0.361617547581878,-0.47454519624983954,-0.4736736092984604,-0.6484216535389205,1,0,0,1
272,1,-0.3693648410115938,0.8696520642635358,-0.47454519624983954,0.7676298785983874,-0.255795253400548,0,0,0,1
273,0,-1.5661069258891576,0.5618346613021824,-0.47454519624983954,0.7676298785983874,-0.05042144409739929,1,1,0,0
274,1,0.8273772438659699,0.0,-0.47454519624983954,-0.4736736092984604,-0.49237782784290063,0,0,1,0
275,1,-1.5661069258891576,2.56264778055098,0.4327933656785018,-0.4736736092984604,0.921244330558889,0,0,0,1
276,0,0.8273772438659699,1.1774694672248893,-0.47454519624983954,-0.4736736092984604,-0.49237782784290063,0,0,0,1
277,0,-0.3693648410115938,0.0,-0.47454519624983954,-0.4736736092984604,-0.6484216535389205,1,0,0,1
278,0,0.8273772438659699,-1.7467958609079686,3.1548090514635256,0.7676298785983874,-0.06199888922968463,1,0,1,0
279,1,0.8273772438659699,0.40792595982150565,0.4327933656785018,0.7676298785983874,-0.24069423801061057,0,0,0,1
280,0,0.8273772438659699,2.7165564820316566,-0.47454519624983954,-0.4736736092984604,-0.49237782784290063,1,0,1,0
281,0,0.8273772438659699,-0.1307544953608629,-0.47454519624983954,-0.4736736092984604,-0.4902797934380587,1,0,0,1
282,0,0.8273772438659699,-1.0542067042449232,-0.47454519624983954,-0.4736736092984604,-0.45714212526638004,1,0,0,1
283,1,0.8273772438659699,-0.8233436520239081,-0.47454519624983954,-0.4736736092984604,-0.4863374216869257,1,0,0,1
284,0,-1.5661069258891576,0.0,-0.47454519624983954,-0.4736736092984604,-0.12491978668775715,1,0,0,1
285,0,0.8273772438659699,0.25401725834082894,-0.47454519624983954,-0.4736736092984604,-0.47400492578514347,1,1,0,0
286,1,0.8273772438659699,0.02315420611981384,-0.47454519624983954,-0.4736736092984604,-0.45714212526638004,1,0,0,1
287,0,0.8273772438659699,-0.5924805998028931,-0.47454519624983954,-0.4736736092984604,-0.4894421904510968,1,0,0,1
288,1,-0.3693648410115938,0.9466064150038742,-0.47454519624983954,-0.4736736092984604,-0.3866707201133388,1,0,0,1
289,1,0.8273772438659699,-0.5924805998028931,-0.47454519624983954,-0.4736736092984604,-0.49237782784290063,0,0,1,0
290,1,-1.5661069258891576,-0.2846631968415396,-0.47454519624983954,-0.4736736092984604,0.9391984311231651,0,0,0,1
291,1,-1.5661069258891576,-0.8233436520239081,0.4327933656785018,-0.4736736092984604,1.1854295476653287,0,1,0,0
292,0,-0.3693648410115938,0.48488031056184405,-0.47454519624983954,-0.4736736092984604,-0.3891875560116617,1,1,0,0
293,0,0.8273772438659699,-0.4385718983222164,-0.47454519624983954,-0.4736736092984604,-0.4702296719376591,0,0,0,1
294,0,0.8273772438659699,-0.4385718983222164,-0.47454519624983954,-0.4736736092984604,-0.4894421904510968,1,0,0,1
295,0,-1.5661069258891576,0.0,-0.47454519624983954,-0.4736736092984604,-0.09027201697708476,1,1,0,0
296,0,0.8273772438659699,-0.47704907369238553,-0.47454519624983954,-0.4736736092984604,-0.5028639729296732,1,1,0,0
297,0,-1.5661069258891576,-2.1315676146096605,0.4327933656785018,2.0089333664952354,2.4029901895877646,0,0,0,1
298,1,-1.5661069258891576,0.0,-0.47454519624983954,-0.4736736092984604,-0.034313694348132716,1,0,0,1
299,1,-1.5661069258891576,1.5622412209265812,-0.47454519624983954,0.7676298785983874,4.335332226633905,0,1,0,0
300,1,0.8273772438659699,0.0,-0.47454519624983954,-0.4736736092984604,-0.49237782784290063,0,0,1,0
301,1,0.8273772438659699,0.0,1.340131927606843,-0.4736736092984604,-0.18029017645086096,1,0,1,0
302,0,0.8273772438659699,-0.8233436520239081,-0.47454519624983954,-0.4736736092984604,-0.6484216535389205,1,0,0,1
303,1,-0.3693648410115938,0.0,-0.47454519624983954,-0.4736736092984604,-0.3997582667846179,0,0,1,0
304,0,0.8273772438659699,0.0,-0.47454519624983954,-0.4736736092984604,-0.4863374216869257,1,0,0,1
305,1,-1.5661069258891576,-2.214678313409226,0.4327933656785018,2.0089333664952354,2.4029901895877646,1,0,0,1
306,1,-1.5661069258891576,0.0,-0.47454519624983954,-0.4736736092984604,1.5841789061771412,0,1,0,0
307,1,-1.5661069258891576,-0.977252353504585,0.4327933656785018,-0.4736736092984604,1.5442457810799908,0,1,0,0
308,0,-0.3693648410115938,0.02315420611981384,0.4327933656785018,-0.4736736092984604,-0.16518916106092355,1,1,0,0
309,1,-1.5661069258891576,0.02315420611981384,-0.47454519624983954,-0.4736736092984604,0.49782998024351216,0,1,0,0
310,1,-1.5661069258891576,-0.4385718983222164,-0.47454519624983954,-0.4736736092984604,1.0259447039291216,0,1,0,0
311,1,-1.5661069258891576,-0.9002980027642465,1.340131927606843,2.0089333664952354,4.634416897040849,0,1,0,0
312,0,-0.3693648410115938,-0.2846631968415396,0.4327933656785018,0.7676298785983874,-0.12491978668775715,0,0,0,1
313,0,0.8273772438659699,-0.1307544953608629,-0.47454519624983954,-0.4736736092984604,-0.4894421904510968,1,0,0,1
314,0,-0.3693648410115938,1.0235607657442125,0.4327933656785018,0.7676298785983874,-0.11988611489111134,1,0,0,1
315,1,0.8273772438659699,-0.2846631968415396,-0.47454519624983954,-0.4736736092984604,-0.4902797934380587,0,0,0,1
316,1,-0.3693648410115938,-0.4385718983222164,0.4327933656785018,-0.4736736092984604,-0.12491978668775715,0,0,0,1
317,0,-0.3693648410115938,1.8700586238879346,-0.47454519624983954,-0.4736736092984604,-0.36653603292675563,1,0,0,1
318,1,-1.5661069258891576,0.1001085568601522,-0.47454519624983954,2.0089333664952354,2.671117778445337,0,0,0,1
319,1,-1.5661069258891576,0.7926977135231975,0.4327933656785018,0.7676298785983874,2.059693773056521,0,1,0,0
320,0,0.8273772438659699,-0.5924805998028931,-0.47454519624983954,-0.4736736092984604,-0.5024451714361923,1,0,0,1
321,0,0.8273772438659699,-0.20770884610120124,-0.47454519624983954,-0.4736736092984604,-0.4894421904510968,1,0,0,1
322,1,-0.3693648410115938,0.02315420611981384,-0.47454519624983954,-0.4736736092984604,-0.3997582667846179,0,0,1,0
323,1,-0.3693648410115938,-0.5924805998028931,0.4327933656785018,0.7676298785983874,-0.06451572512800753,0,0,0,1
324,0,0.8273772438659699,0.0,6.784163299176891,2.0089333664952354,0.7519458402879414,1,0,0,1
325,1,-1.5661069258891576,0.48488031056184405,-0.47454519624983954,-0.4736736092984604,2.0825124140450755,0,1,0,0
326,0,0.8273772438659699,2.4087390790703034,-0.47454519624983954,-0.4736736092984604,-0.5228315422126077,1,0,0,1
327,1,-0.3693648410115938,0.48488031056184405,-0.47454519624983954,-0.4736736092984604,-0.3866707201133388,0,0,0,1
328,1,0.8273772438659699,0.1001085568601522,0.4327933656785018,0.7676298785983874,-0.2351571990343002,0,0,0,1
329,1,-1.5661069258891576,-1.0542067042449232,-0.47454519624983954,0.7676298785983874,0.5189714017894245,0,1,0,0
330,1,0.8273772438659699,0.0,1.340131927606843,-0.4736736092984604,-0.18029017645086096,0,0,1,0
331,0,-1.5661069258891576,1.2159466425950585,-0.47454519624983954,-0.4736736092984604,-0.07458306872129913,1,0,0,1
332,0,-1.5661069258891576,0.6387890120425208,-0.47454519624983954,0.7676298785983874,2.441497778832105,1,0,0,1
333,0,0.8273772438659699,-1.0542067042449232,1.340131927606843,-0.4736736092984604,-0.2859972841804228,1,0,0,1
334,1,-1.5661069258891576,0.0,0.4327933656785018,-0.4736736092984604,2.042579288947925,0,0,0,1
335,0,0.8273772438659699,0.0,-0.47454519624983954,-0.4736736092984604,-0.4894421904510968,1,0,0,1
336,0,-1.5661069258891576,-0.05380014462052453,0.4327933656785018,-0.4736736092984604,0.6925485130875209,1,0,0,1
337,1,-1.5661069258891576,0.8696520642635358,-0.47454519624983954,-0.4736736092984604,2.059693773056521,0,1,0,0
338,1,0.8273772438659699,1.1774694672248893,-0.47454519624983954,-0.4736736092984604,-0.4863374216869257,1,0,0,1
339,0,-1.5661069258891576,1.1774694672248893,-0.47454519624983954,-0.4736736092984604,0.06635974158478332,1,0,0,1
340,1,-0.3693648410115938,-2.1315676146096605,0.4327933656785018,0.7676298785983874,-0.12491978668775715,1,0,0,1
341,1,-1.5661069258891576,-0.4385718983222164,2.2474704895351842,2.0089333664952354,4.647001076532463,0,0,0,1
342,0,-0.3693648410115938,-0.1307544953608629,-0.47454519624983954,-0.4736736092984604,-0.3866707201133388,1,0,0,1
343,0,-0.3693648410115938,-0.361617547581878,-0.47454519624983954,-0.4736736092984604,-0.3866707201133388,1,0,0,1
344,0,-0.3693648410115938,0.48488031056184405,-0.47454519624983954,-0.4736736092984604,-0.3866707201133388,1,0,0,1
345,1,-0.3693648410115938,-0.4385718983222164,-0.47454519624983954,-0.4736736092984604,-0.3866707201133388,0,0,0,1
346,1,-0.3693648410115938,0.7926977135231975,-0.47454519624983954,-0.4736736092984604,-0.3866707201133388,0,0,0,1
347,1,0.8273772438659699,0.0,0.4327933656785018,-0.4736736092984604,-0.32425318983493084,0,0,0,1
348,1,0.8273772438659699,-2.054613263869322,0.4327933656785018,0.7676298785983874,-0.32828012727224753,1,0,0,1
349,0,0.8273772438659699,0.9466064150038742,-0.47454519624983954,-0.4736736092984604,-0.47400492578514347,1,0,0,1
350,0,0.8273772438659699,-0.5155262490625547,-0.47454519624983954,-0.4736736092984604,-0.4626791642426904,1,0,0,1
351,0,-1.5661069258891576,0.0,-0.47454519624983954,-0.4736736092984604,0.05629239799149171,1,0,0,1
352,0,0.8273772438659699,-1.1311610549852615,0.4327933656785018,0.7676298785983874,-0.5028639729296732,1,1,0,0
353,0,0.8273772438659699,-0.361617547581878,0.4327933656785018,-0.4736736092984604,-0.29002422161773944,1,0,0,1
354,0,0.8273772438659699,0.0,-0.47454519624983954,-0.4736736092984604,-0.5029485386158568,1,1,0,0
355,0,0.8273772438659699,-0.1307544953608629,-0.47454519624983954,-0.4736736092984604,-0.45714212526638004,1,0,0,1
356,1,-1.5661069258891576,-0.5924805998028931,-0.47454519624983954,0.7676298785983874,0.4589861417231558,0,0,0,1
357,0,-0.3693648410115938,0.6387890120425208,-0.47454519624983954,-0.4736736092984604,-0.3866707201133388,0,0,0,1
358,1,0.8273772438659699,0.0,-0.47454519624983954,-0.4736736092984604,-0.48977642625839407,0,0,1,0
359,1,0.8273772438659699,0.0,-0.47454519624983954,-0.4736736092984604,-0.48977642625839407,0,0,1,0
360,0,0.8273772438659699,0.7926977135231975,0.4327933656785018,4.491540342288931,-0.08666388103324908,1,0,0,1
361,0,-0.3693648410115938,-0.05380014462052453,0.4327933656785018,-0.4736736092984604,-0.09027201697708476,1,1,0,0
362,0,0.8273772438659699,1.1774694672248893,-0.47454519624983954,0.7676298785983874,-0.3573908580066095,0,1,0,0
363,0,0.8273772438659699,0.40792595982150565,-0.47454519624983954,-0.4736736092984604,-0.5064721088735089,1,0,0,1
364,0,0.8273772438659699,0.0,0.4327933656785018,-0.4736736092984604,-0.3363340021468808,1,0,1,0
365,0,0.8273772438659699,0.02315420611981384,-0.47454519624983954,-0.4736736092984604,-0.5024451714361923,1,0,0,1
366,1,-1.5661069258891576,2.3317847283299646,0.4327933656785018,-0.4736736092984604,0.8667135572514657,0,1,0,0
367,1,0.8273772438659699,0.0,-0.47454519624983954,-0.4736736092984604,-0.5028639729296732,0,1,0,0
368,1,0.8273772438659699,0.0,-0.47454519624983954,-0.4736736092984604,-0.49237782784290063,0,0,1,0
369,1,-1.5661069258891576,-0.4385718983222164,-0.47454519624983954,-0.4736736092984604,0.7469121684912956,0,1,0,0
370,1,-1.5661069258891576,-0.361617547581878,0.4327933656785018,-0.4736736092984604,0.4678796330534696,1,1,0,0
371,0,0.8273772438659699,-0.9002980027642465,0.4327933656785018,-0.4736736092984604,-0.5176307525123133,1,0,0,1
372,0,0.8273772438659699,-0.8233436520239081,-0.47454519624983954,-0.4736736092984604,-0.4863374216869257,1,0,0,1
373,0,-1.5661069258891576,-0.5924805998028931,-0.47454519624983954,-0.4736736092984604,2.0825124140450755,1,1,0,0
374,0,0.8273772438659699,-2.054613263869322,2.2474704895351842,0.7676298785983874,-0.22408312108167944,0,0,0,1
375,1,-1.5661069258891576,0.0,0.4327933656785018,-0.4736736092984604,1.0060617003323709,0,1,0,0
376,1,0.8273772438659699,-0.5924805998028931,-0.47454519624983954,-0.4736736092984604,-0.5024451714361923,0,0,0,1
377,0,-1.5661069258891576,-0.20770884610120124,-0.47454519624983954,2.0089333664952354,3.610064686423428,1,1,0,0
378,0,0.8273772438659699,-0.7463893012835698,-0.47454519624983954,-0.4736736092984604,-0.5676312212027554,1,1,0,0
379,0,0.8273772438659699,-0.8233436520239081,-0.47454519624983954,-0.4736736092984604,-0.4918744606632361,1,0,0,1
380,1,-1.5661069258891576,0.9466064150038742,-0.47454519624983954,-0.4736736092984604,3.9327230485884233,0,1,0,0
381,1,0.8273772438659699,-2.208521965349999,-0.47454519624983954,2.0089333664952354,-0.33146744825388363,0,1,0,0
382,0,0.8273772438659699,0.17706290760049057,-0.47454519624983954,-0.4736736092984604,-0.4888542575852486,1,0,0,1
383,1,-1.5661069258891576,0.40792595982150565,0.4327933656785018,-0.4736736092984604,0.39858208016340624,0,0,0,1
384,0,0.8273772438659699,0.0,-0.47454519624983954,-0.4736736092984604,-0.4894421904510968,1,0,0,1
385,0,-0.3693648410115938,-0.9002980027642465,-0.47454519624983954,-0.4736736092984604,0.8314778546749452,1,0,0,1
386,0,0.8273772438659699,-2.208521965349999,4.0621476133918675,2.0089333664952354,0.2958951755118318,1,0,0,1
387,1,-0.3693648410115938,0.48488031056184405,-0.47454519624983954,-0.4736736092984604,-0.3866707201133388,0,0,0,1
388,0,0.8273772438659699,0.0,-0.47454519624983954,-0.4736736092984604,-0.49279662933638163,1,0,1,0
389,1,-0.3693648410115938,-0.977252353504585,-0.47454519624983954,-0.4736736092984604,-0.40680540729992204,0,1,0,0
390,1,-1.5661069258891576,0.48488031056184405,0.4327933656785018,2.0089333664952354,1.7677408088510642,1,0,0,1
391,1,0.8273772438659699,-0.6694349505432314,-0.47454519624983954,-0.4736736092984604,-0.49145565916975514,1,0,0,1
392,0,0.8273772438659699,-0.1307544953608629,1.340131927606843,-0.4736736092984604,-0.4888542575852486,1,0,0,1
393,1,-1.5661069258891576,-0.5155262490625547,0.4327933656785018,-0.4736736092984604,1.6323350375212924,0,1,0,0
394,1,0.8273772438659699,-0.4385718983222164,-0.47454519624983954,2.0089333664952354,-0.312172377522981,0,0,0,1
395,0,0.8273772438659699,-0.5924805998028931,-0.47454519624983954,-0.4736736092984604,-0.49145565916975514,1,0,0,1
396,0,0.8273772438659699,0.1001085568601522,-0.47454519624983954,-0.4736736092984604,-0.4902797934380587,0,0,0,1
397,0,-0.3693648410115938,1.2544238179652276,-0.47454519624983954,-0.4736736092984604,-0.12491978668775715,1,0,0,1
398,0,-0.3693648410115938,-0.5155262490625547,-0.47454519624983954,-0.4736736092984604,-0.43700743807979686,1,0,0,1
399,1,-0.3693648410115938,-0.1307544953608629,-0.47454519624983954,-0.4736736092984604,-0.393717860628643,0,0,0,1
400,1,0.8273772438659699,0.7157433627828591,-0.47454519624983954,-0.4736736092984604,-0.4888542575852486,1,0,0,1
401,0,0.8273772438659699,-0.2846631968415396,-0.47454519624983954,-0.4736736092984604,-0.4863374216869257,1,0,0,1
402,0,0.8273772438659699,-0.6694349505432314,0.4327933656785018,-0.4736736092984604,-0.4505983519307405,0,0,0,1
403,0,0.8273772438659699,-0.1307544953608629,0.4327933656785018,-0.4736736092984604,-0.32928686163157667,1,0,0,1
404,0,0.8273772438659699,-0.7463893012835698,-0.47454519624983954,-0.4736736092984604,-0.47400492578514347,0,0,0,1
405,0,-0.3693648410115938,0.3309716090811673,0.4327933656785018,-0.4736736092984604,-0.22559322262067316,1,0,0,1
406,0,0.8273772438659699,1.6391955716669195,-0.47454519624983954,-0.4736736092984604,-0.49237782784290063,1,0,0,1
407,1,-0.3693648410115938,-2.054613263869322,0.4327933656785018,0.7676298785983874,-0.2708962687904854,1,0,0,1
408,0,0.8273772438659699,-0.6694349505432314,-0.47454519624983954,-0.4736736092984604,-0.4918744606632361,1,0,0,1
409,0,0.8273772438659699,0.0,2.2474704895351842,0.7676298785983874,-0.13565761536436197,0,0,0,1
410,0,0.8273772438659699,0.0,-0.47454519624983954,-0.4736736092984604,-0.4894421904510968,1,0,0,1
411,0,0.8273772438659699,0.0,-0.47454519624983954,-0.4736736092984604,-0.5103319284071769,1,0,1,0
412,1,-1.5661069258891576,0.25401725834082894,0.4327933656785018,-0.4736736092984604,1.163700193253568,0,0,1,0
413,0,-0.3693648410115938,0.0,-0.47454519624983954,-0.4736736092984604,-0.6484216535389205,1,0,0,1
414,1,0.8273772438659699,1.100515116484551,-0.47454519624983954,-0.4736736092984604,-0.4888542575852486,1,0,0,1
415,0,0.8273772438659699,0.0,-0.47454519624983954,-0.4736736092984604,-0.4863374216869257,0,0,0,1
416,1,-0.3693648410115938,0.3309716090811673,0.4327933656785018,0.7676298785983874,0.005955680025033696,0,0,0,1
417,1,-0.3693648410115938,-0.9002980027642465,-0.47454519624983954,2.0089333664952354,-0.3866707201133388,0,0,0,1
418,0,-0.3693648410115938,0.02315420611981384,-0.47454519624983954,-0.4736736092984604,-0.3866707201133388,1,0,0,1
419,0,0.8273772438659699,-1.5159328086869535,-0.47454519624983954,2.0089333664952354,-0.1621689579829361,0,0,0,1
420,0,0.8273772438659699,0.0,-0.47454519624983954,-0.4736736092984604,-0.4894421904510968,1,1,0,0
421,0,0.8273772438659699,-0.6694349505432314,-0.47454519624983954,-0.4736736092984604,-0.49271407711891657,1,0,1,0
422,0,0.8273772438659699,-0.05380014462052453,-0.47454519624983954,-0.4736736092984604,-0.4898609919445778,1,0,0,1
423,0,0.8273772438659699,-0.1307544953608629,0.4327933656785018,0.7676298785983874,-0.35848215805212236,0,0,0,1
424,0,0.8273772438659699,-0.9002980027642465,0.4327933656785018,0.7676298785983874,-0.2414492887801075,1,0,0,1
425,0,0.8273772438659699,0.0,-0.47454519624983954,-0.4736736092984604,-0.5024451714361923,1,0,0,1
426,1,-0.3693648410115938,-0.1307544953608629,0.4327933656785018,-0.4736736092984604,-0.12491978668775715,0,0,0,1
427,1,-0.3693648410115938,-0.8233436520239081,-0.47454519624983954,-0.4736736092984604,-0.12491978668775715,0,0,0,1
428,0,0.8273772438659699,0.0,-0.47454519624983954,-0.4736736092984604,-0.49237782784290063,1,0,1,0
429,1,0.8273772438659699,0.17706290760049057,-0.47454519624983954,-0.4736736092984604,-0.4863374216869257,1,0,0,1
430,1,-1.5661069258891576,-0.1307544953608629,-0.47454519624983954,-0.4736736092984604,-0.11384570873513637,1,0,0,1
431,1,0.8273772438659699,0.0,0.4327933656785018,-0.4736736092984604,-0.32425318983493084,0,0,0,1
432,1,-0.3693648410115938,0.9466064150038742,0.4327933656785018,-0.4736736092984604,-0.12491978668775715,0,0,0,1
433,0,0.8273772438659699,-0.977252353504585,-0.47454519624983954,-0.4736736092984604,-0.5049620073345151,1,0,0,1
434,0,-1.5661069258891576,1.5622412209265812,0.4327933656785018,-0.4736736092984604,0.4771073601910807,1,0,0,1
435,1,-1.5661069258891576,-1.2081154057256,0.4327933656785018,2.0089333664952354,1.7677408088510642,0,0,0,1
436,0,0.8273772438659699,-0.6694349505432314,1.340131927606843,2.0089333664952354,0.04370821849987721,0,0,0,1
437,1,-0.3693648410115938,-0.4385718983222164,1.340131927606843,3.250236854392083,-0.2708962687904854,0,0,0,1
438,0,-1.5661069258891576,2.6396021312913183,0.4327933656785018,4.491540342288931,4.647001076532463,1,0,0,1
439,0,-0.3693648410115938,0.1001085568601522,-0.47454519624983954,-0.4736736092984604,-0.43700743807979686,1,0,0,1
440,1,-0.3693648410115938,1.1774694672248893,0.4327933656785018,0.7676298785983874,-0.11988611489111134,0,0,0,1
441,0,0.8273772438659699,-0.7463893012835698,-0.47454519624983954,-0.4736736092984604,-0.45714212526638004,1,0,0,1
442,0,0.8273772438659699,-0.361617547581878,0.4327933656785018,-0.4736736092984604,-0.4918744606632361,1,0,0,1
443,1,-0.3693648410115938,-0.1307544953608629,-0.47454519624983954,-0.4736736092984604,-0.3866707201133388,0,0,0,1
444,1,0.8273772438659699,0.0,-0.47454519624983954,-0.4736736092984604,-0.48507900373776425,1,0,0,1
445,1,-1.5661069258891576,-1.9776589131289837,-0.47454519624983954,2.0089333664952354,0.9997696105865636,1,0,0,1
446,1,-0.3693648410115938,-1.2850697564659384,-0.47454519624983954,0.7676298785983874,-0.255795253400548,0,0,0,1
447,1,-1.5661069258891576,0.3309716090811673,-0.47454519624983954,-0.4736736092984604,-0.11384570873513637,1,0,0,1
448,1,0.8273772438659699,-1.9007045623886454,1.340131927606843,0.7676298785983874,-0.26066180729354516,0,1,0,0
449,1,-1.5661069258891576,1.7161499224072578,-0.47454519624983954,-0.4736736092984604,-0.034313694348132716,1,0,0,1
450,0,-0.3693648410115938,0.48488031056184405,0.4327933656785018,2.0089333664952354,-0.08968408411123653,1,0,0,1
451,0,0.8273772438659699,0.0,0.4327933656785018,-0.4736736092984604,-0.2463983948905696,1,0,0,1
452,0,-1.5661069258891576,0.02315420611981384,-0.47454519624983954,-0.4736736092984604,-0.08968408411123653,1,1,0,0
453,1,-1.5661069258891576,1.4852868701862427,0.4327933656785018,-0.4736736092984604,1.145663540471827,1,1,0,0
454,0,0.8273772438659699,0.0,-0.47454519624983954,-0.4736736092984604,-0.4863374216869257,1,0,0,1
455,1,0.8273772438659699,-0.05380014462052453,-0.47454519624983954,-0.4736736092984604,-0.4894421904510968,1,1,0,0
456,0,-1.5661069258891576,2.7165564820316566,-0.47454519624983954,-0.4736736092984604,-0.11384570873513637,1,0,0,1
457,1,-1.5661069258891576,0.0,0.4327933656785018,-0.4736736092984604,0.395813560675251,0,0,0,1
458,1,-0.3693648410115938,1.5622412209265812,-0.47454519624983954,-0.4736736092984604,-0.43700743807979686,0,0,0,1
459,0,0.8273772438659699,0.0,-0.47454519624983954,-0.4736736092984604,-0.49237782784290063,1,0,1,0
460,1,-1.5661069258891576,1.4083325194459044,-0.47454519624983954,-0.4736736092984604,-0.11384570873513637,1,0,0,1
461,0,0.8273772438659699,0.3309716090811673,-0.47454519624983954,-0.4736736092984604,-0.4863374216869257,1,0,0,1
462,0,-1.5661069258891576,1.3313781687055661,-0.47454519624983954,-0.4736736092984604,0.12676380314453292,1,0,0,1
463,0,-0.3693648410115938,1.4083325194459044,-0.47454519624983954,-0.4736736092984604,-0.3866707201133388,1,0,0,1
464,0,0.8273772438659699,0.0,-0.47454519624983954,-0.4736736092984604,-0.4863374216869257,1,0,0,1
465,0,0.8273772438659699,0.6387890120425208,-0.47454519624983954,-0.4736736092984604,-0.5064721088735089,1,0,0,1
466,0,-0.3693648410115938,0.0,-0.47454519624983954,-0.4736736092984604,-0.6484216535389205,1,0,0,1
467,0,-1.5661069258891576,2.0239673253686115,-0.47454519624983954,-0.4736736092984604,-0.11384570873513637,1,0,0,1
468,0,0.8273772438659699,0.0,-0.47454519624983954,-0.4736736092984604,-0.4928811950225652,1,0,1,0
469,1,0.8273772438659699,-2.2277605530350835,1.340131927606843,0.7676298785983874,-0.26066180729354516,0,1,0,0
470,0,0.8273772438659699,0.0,-0.47454519624983954,-0.4736736092984604,-0.5024451714361923,1,0,0,1
471,0,0.8273772438659699,0.6387890120425208,-0.47454519624983954,-0.4736736092984604,-0.47400492578514347,1,0,0,1
472,1,-0.3693648410115938,0.25401725834082894,0.4327933656785018,2.0089333664952354,-0.08968408411123653,0,0,0,1
473,1,-0.3693648410115938,-0.5155262490625547,-0.47454519624983954,-0.4736736092984604,-0.3707300882677209,0,1,0,0
474,0,0.8273772438659699,-0.5924805998028931,-0.47454519624983954,-0.4736736092984604,-0.45034666834090825,0,0,0,1
475,0,-1.5661069258891576,0.0,-0.47454519624983954,-0.4736736092984604,0.39858208016340624,1,0,0,1
476,0,-0.3693648410115938,0.3309716090811673,0.4327933656785018,-0.4736736092984604,-0.22559322262067316,1,0,0,1
477,0,0.8273772438659699,-0.05380014462052453,0.4327933656785018,-0.4736736092984604,-0.5065566745596926,1,0,0,1
478,0,0.8273772438659699,-0.5924805998028931,-0.47454519624983954,-0.4736736092984604,-0.4969926981460655,1,0,0,1
479,1,0.8273772438659699,-2.1315676146096605,-0.47454519624983954,0.7676298785983874,-0.4010166847337793,0,0,0,1
480,0,0.8273772438659699,-1.5928871594272918,4.0621476133918675,2.0089333664952354,0.2958951755118318,1,0,0,1
481,0,-0.3693648410115938,0.0,-0.47454519624983954,-0.4736736092984604,-0.6484216535389205,1,0,0,1
482,0,0.8273772438659699,1.5622412209265812,-0.47454519624983954,-0.4736736092984604,-0.4863374216869257,1,0,0,1
483,1,0.8273772438659699,2.56264778055098,-0.47454519624983954,-0.4736736092984604,-0.455380340137554,0,0,0,1
484,1,-1.5661069258891576,-0.361617547581878,0.4327933656785018,-0.4736736092984604,1.1854295476653287,1,1,0,0
485,0,0.8273772438659699,0.0,2.2474704895351842,0.7676298785983874,-0.13565761536436197,0,0,0,1
486,1,-1.5661069258891576,0.40792595982150565,0.4327933656785018,-0.4736736092984604,1.163700193253568,0,0,0,1
487,0,-1.5661069258891576,2.177876026849288,-0.47454519624983954,-0.4736736092984604,-0.05042144409739929,1,1,0,0
488,0,0.8273772438659699,0.02315420611981384,-0.47454519624983954,-0.4736736092984604,-0.4863374216869257,1,0,0,1
489,1,0.8273772438659699,-1.5928871594272918,0.4327933656785018,0.7676298785983874,-0.32828012727224753,1,0,0,1
490,0,0.8273772438659699,0.0,0.4327933656785018,-0.4736736092984604,-0.2463983948905696,1,0,0,1
491,0,0.8273772438659699,-0.6694349505432314,-0.47454519624983954,-0.4736736092984604,-0.5024451714361923,1,0,0,1
492,0,-1.5661069258891576,1.947012974628273,-0.47454519624983954,-0.4736736092984604,-0.034313694348132716,1,0,0,1
493,0,-1.5661069258891576,3.1782825864736868,-0.47454519624983954,-0.4736736092984604,0.3483299278831318,1,1,0,0
494,0,0.8273772438659699,-0.6694349505432314,-0.47454519624983954,-0.4736736092984604,-0.4863374216869257,1,0,0,1
495,0,0.8273772438659699,0.0,-0.47454519624983954,-0.4736736092984604,-0.3573083057891445,1,1,0,0
496,1,-1.5661069258891576,1.8700586238879346,0.4327933656785018,-0.4736736092984604,0.9274538680872313,0,1,0,0
497,0,0.8273772438659699,0.0,-0.47454519624983954,-0.4736736092984604,-0.3443878770215141,1,0,0,1
498,0,-1.5661069258891576,-0.361617547581878,0.4327933656785018,2.0089333664952354,2.4029901895877646,0,0,0,1
499,0,0.8273772438659699,-0.4385718983222164,-0.47454519624983954,-0.4736736092984604,-0.49145565916975514,1,0,0,1
500,0,0.8273772438659699,-0.977252353504585,-0.47454519624983954,-0.4736736092984604,-0.47400492578514347,1,0,0,1
501,0,0.8273772438659699,-0.6694349505432314,-0.47454519624983954,-0.4736736092984604,-0.49237782784290063,0,0,1,0
502,0,0.8273772438659699,0.0,-0.47454519624983954,-0.4736736092984604,-0.4948100980550399,0,0,1,0
503,0,0.8273772438659699,0.5618346613021824,-0.47454519624983954,-0.4736736092984604,-0.455380340137554,0,0,0,1
504,1,-1.5661069258891576,-1.0542067042449232,-0.47454519624983954,-0.4736736092984604,1.093228788100527,0,0,0,1
505,0,-1.5661069258891576,-0.9002980027642465,0.4327933656785018,-0.4736736092984604,1.5442457810799908,1,1,0,0
506,1,-0.3693648410115938,0.25401725834082894,-0.47454519624983954,2.0089333664952354,-0.12491978668775715,0,0,0,1
507,1,-1.5661069258891576,0.0,-0.47454519624983954,-0.4736736092984604,-0.11384570873513637,1,0,0,1
508,0,0.8273772438659699,-0.1307544953608629,-0.47454519624983954,-0.4736736092984604,-0.1948878246611338,1,0,0,1
509,1,0.8273772438659699,-0.2846631968415396,-0.47454519624983954,-0.4736736092984604,0.48910360681684706,1,0,0,1
510,1,0.8273772438659699,-0.05380014462052453,-0.47454519624983954,-0.4736736092984604,-0.49237782784290063,1,0,1,0
511,0,0.8273772438659699,0.0,-0.47454519624983954,-0.4736736092984604,-0.4863374216869257,1,0,0,1
512,1,-1.5661069258891576,0.48488031056184405,-0.47454519624983954,-0.4736736092984604,-0.11913106412161445,1,0,0,1
513,1,-1.5661069258891576,1.8700586238879346,0.4327933656785018,-0.4736736092984604,0.5475787653441219,0,1,0,0
514,0,0.8273772438659699,-0.4385718983222164,-0.47454519624983954,-0.4736736092984604,-0.4974960653257301,1,0,0,1
515,0,-1.5661069258891576,1.3313781687055661,-0.47454519624983954,-0.4736736092984604,0.036576512298389464,1,0,0,1
516,1,-0.3693648410115938,0.3309716090811673,-0.47454519624983954,-0.4736736092984604,-0.43700743807979686,0,0,0,1
517,0,0.8273772438659699,0.0,-0.47454519624983954,-0.4736736092984604,-0.1621689579829361,1,0,1,0
518,1,-0.3693648410115938,0.48488031056184405,0.4327933656785018,-0.4736736092984604,-0.12491978668775715,0,0,0,1
519,0,0.8273772438659699,0.17706290760049057,-0.47454519624983954,-0.4736736092984604,-0.4894421904510968,1,0,0,1
520,1,-1.5661069258891576,0.02315420611981384,-0.47454519624983954,-0.4736736092984604,1.2341715984066093,0,0,0,1
521,0,0.8273772438659699,-0.5924805998028931,-0.47454519624983954,-0.4736736092984604,-0.4894421904510968,1,0,0,1
522,0,0.8273772438659699,0.0,-0.47454519624983954,-0.4736736092984604,-0.5029485386158568,1,1,0,0
523,1,-1.5661069258891576,1.100515116484551,-0.47454519624983954,0.7676298785983874,0.5189714017894245,0,1,0,0
524,0,0.8273772438659699,0.0,-0.47454519624983954,-0.4736736092984604,-0.5028639729296732,1,1,0,0
525,0,0.8273772438659699,0.8311748888933667,-0.47454519624983954,-0.4736736092984604,-0.49237782784290063,1,0,1,0
526,1,-0.3693648410115938,1.5622412209265812,-0.47454519624983954,-0.4736736092984604,-0.43700743807979686,0,0,0,1
527,0,-1.5661069258891576,0.0,-0.47454519624983954,-0.4736736092984604,3.817033162951754,1,0,0,1
528,0,0.8273772438659699,0.7157433627828591,-0.47454519624983954,-0.4736736092984604,-0.4888542575852486,1,0,0,1
529,0,-0.3693648410115938,-0.5155262490625547,1.340131927606843,0.7676298785983874,-0.41687275089321363,1,0,0,1
530,1,-0.3693648410115938,-2.1315676146096605,0.4327933656785018,0.7676298785983874,-0.12491978668775715,0,0,0,1
531,0,0.8273772438659699,0.0,-0.47454519624983954,-0.4736736092984604,-0.5028639729296732,1,1,0,0
532,0,0.8273772438659699,-0.977252353504585,0.4327933656785018,0.7676298785983874,-0.5028639729296732,1,1,0,0
533,1,0.8273772438659699,0.0,-0.47454519624983954,2.0089333664952354,-0.19824427701513722,0,1,0,0
534,0,0.8273772438659699,0.02315420611981384,-0.47454519624983954,-0.4736736092984604,-0.47400492578514347,0,0,0,1
535,1,-0.3693648410115938,-1.7467958609079686,-0.47454519624983954,2.0089333664952354,-0.11988611489111134,0,0,0,1
536,0,-1.5661069258891576,1.1774694672248893,-0.47454519624983954,-0.4736736092984604,-0.11384570873513637,1,0,0,1
537,1,-1.5661069258891576,0.02315420611981384,-0.47454519624983954,-0.4736736092984604,1.4944124302931971,0,1,0,0
538,0,0.8273772438659699,0.0,-0.47454519624983954,-0.4736736092984604,-0.35646868933346404,1,0,0,1
539,1,-1.5661069258891576,-0.5924805998028931,-0.47454519624983954,2.0089333664952354,0.3482453621969482,0,1,0,0
540,1,-1.5661069258891576,0.48488031056184405,-0.47454519624983954,2.0089333664952354,0.7811411367084872,0,0,0,1
541,0,0.8273772438659699,-1.5928871594272918,3.1548090514635256,2.0089333664952354,-0.01870931177853076,0,0,0,1
542,0,0.8273772438659699,-1.4389784579466152,3.1548090514635256,2.0089333664952354,-0.01870931177853076,0,0,0,1
543,1,-0.3693648410115938,0.17706290760049057,0.4327933656785018,-0.4736736092984604,-0.12491978668775715,1,0,0,1
544,0,-1.5661069258891576,1.5622412209265812,0.4327933656785018,-0.4736736092984604,1.4944124302931971,1,1,0,0
545,0,-1.5661069258891576,2.6396021312913183,-0.47454519624983954,-0.4736736092984604,-0.12491978668775715,1,0,0,1
546,1,-0.3693648410115938,-0.8233436520239081,0.4327933656785018,-0.4736736092984604,-0.12491978668775715,0,0,0,1
547,1,-0.3693648410115938,0.0,-0.47454519624983954,-0.4736736092984604,-0.3693045524149108,1,1,0,0
548,0,0.8273772438659699,0.25401725834082894,0.4327933656785018,0.7676298785983874,-0.2351571990343002,1,0,0,1
549,1,-0.3693648410115938,-1.6698415101676303,0.4327933656785018,0.7676298785983874,0.09152810056801232,1,0,0,1
550,1,-1.5661069258891576,-0.977252353504585,-0.47454519624983954,2.0089333664952354,1.5841789061771412,1,1,0,0
551,0,-0.3693648410115938,-0.20770884610120124,-0.47454519624983954,-0.4736736092984604,-0.12491978668775715,1,0,0,1
552,0,0.8273772438659699,0.0,-0.47454519624983954,-0.4736736092984604,-0.49078316061772326,1,0,1,0
553,1,0.8273772438659699,-0.5924805998028931,-0.47454519624983954,-0.4736736092984604,-0.5029485386158568,1,1,0,0
554,1,0.8273772438659699,-0.5924805998028931,-0.47454519624983954,-0.4736736092984604,-0.4918744606632361,0,0,0,1
555,0,-1.5661069258891576,2.4856934298106417,-0.47454519624983954,-0.4736736092984604,-0.11384570873513637,1,0,0,1
556,1,-1.5661069258891576,1.4083325194459044,0.4327933656785018,-0.4736736092984604,0.1489119590497745,0,1,0,0
557,0,-1.5661069258891576,0.0,-0.47454519624983954,-0.4736736092984604,3.9327230485884233,1,1,0,0
558,1,-1.5661069258891576,0.7157433627828591,0.4327933656785018,0.7676298785983874,0.955306180872432,0,0,0,1
559,1,0.8273772438659699,0.48488031056184405,0.4327933656785018,-0.4736736092984604,-0.29807809649237277,0,0,0,1
560,0,0.8273772438659699,0.0,-0.47454519624983954,-0.4736736092984604,-0.49237782784290063,1,0,1,0
561,0,0.8273772438659699,0.7926977135231975,-0.47454519624983954,-0.4736736092984604,-0.4894421904510968,1,0,0,1
562,0,-0.3693648410115938,-0.1307544953608629,-0.47454519624983954,-0.4736736092984604,-0.3766033765200472,1,0,0,1
563,0,0.8273772438659699,0.0,-0.47454519624983954,-0.4736736092984604,-0.4863374216869257,1,0,0,1
564,0,0.8273772438659699,0.0,-0.47454519624983954,-0.4736736092984604,-0.4863374216869257,0,0,0,1
565,0,0.8273772438659699,-0.4385718983222164,1.340131927606843,-0.4736736092984604,-0.1621689579829361,1,0,0,1
566,0,0.8273772438659699,-0.8233436520239081,-0.47454519624983954,-0.4736736092984604,-0.4894421904510968,1,0,0,1
567,0,0.8273772438659699,-0.05380014462052453,-0.47454519624983954,4.491540342288931,-0.22408312108167944,0,0,0,1
568,0,0.8273772438659699,0.0,-0.47454519624983954,-0.4736736092984604,-0.5028639729296732,1,1,0,0
569,1,0.8273772438659699,0.17706290760049057,-0.47454519624983954,-0.4736736092984604,-0.4902797934380587,1,0,0,1
570,1,-0.3693648410115938,2.4856934298106417,-0.47454519624983954,-0.4736736092984604,-0.43700743807979686,1,0,0,1
571,1,-1.5661069258891576,1.7931042731475964,1.340131927606843,-0.4736736092984604,0.38809593507663365,0,0,0,1
572,1,-1.5661069258891576,0.48488031056184405,-0.47454519624983954,-0.4736736092984604,-0.11711759540295616,1,0,0,1
573,1,0.8273772438659699,0.0,-0.47454519624983954,-0.4736736092984604,-0.49237782784290063,0,0,1,0
574,0,0.8273772438659699,-1.0542067042449232,-0.47454519624983954,-0.4736736092984604,-0.4863374216869257,1,0,0,1
575,0,0.8273772438659699,-0.8233436520239081,-0.47454519624983954,-0.4736736092984604,-0.35646868933346404,1,0,0,1
576,1,-0.3693648410115938,0.3309716090811673,-0.47454519624983954,-0.4736736092984604,-0.3866707201133388,0,0,0,1
577,1,-1.5661069258891576,0.7157433627828591,0.4327933656785018,-0.4736736092984604,0.4771073601910807,0,0,0,1
578,0,0.8273772438659699,0.0,0.4327933656785018,-0.4736736092984604,-0.3573083057891445,0,1,0,0
579,1,0.8273772438659699,0.17706290760049057,-0.47454519624983954,-0.4736736092984604,-0.4888542575852486,1,0,0,1
580,1,-0.3693648410115938,-0.361617547581878,0.4327933656785018,0.7676298785983874,-0.04438103794142432,0,0,0,1
581,1,-1.5661069258891576,0.7157433627828591,0.4327933656785018,0.7676298785983874,1.5841789061771412,0,1,0,0
582,0,-0.3693648410115938,1.8700586238879346,-0.47454519624983954,-0.4736736092984604,-0.12491978668775715,1,0,0,1
583,0,-1.5661069258891576,0.48488031056184405,-0.47454519624983954,-0.4736736092984604,0.15948266982273065,1,1,0,0
584,0,0.8273772438659699,0.0,-0.47454519624983954,-0.4736736092984604,-0.47299819142581434,1,1,0,0
585,1,-1.5661069258891576,-0.9002980027642465,-0.47454519624983954,2.0089333664952354,0.955306180872432,0,0,0,1
586,0,-0.3693648410115938,1.3313781687055661,-0.47454519624983954,-0.4736736092984604,-0.3464013457401724,1,0,0,1
587,1,-1.5661069258891576,2.3317847283299646,0.4327933656785018,0.7676298785983874,0.9462455716384695,1,1,0,0
588,0,0.8273772438659699,-0.5924805998028931,-0.47454519624983954,-0.4736736092984604,-0.4863374216869257,1,0,0,1
589,0,0.8273772438659699,0.0,-0.47454519624983954,-0.4736736092984604,-0.4863374216869257,1,0,0,1
590,0,0.8273772438659699,0.40792595982150565,-0.47454519624983954,-0.4736736092984604,-0.5049620073345151,1,0,0,1
591,1,-1.5661069258891576,1.7161499224072578,0.4327933656785018,-0.4736736092984604,0.9274538680872313,0,1,0,0
592,0,0.8273772438659699,1.3313781687055661,-0.47454519624983954,-0.4736736092984604,-0.5024451714361923,1,0,0,1
593,0,0.8273772438659699,0.0,-0.47454519624983954,2.0089333664952354,-0.49237782784290063,0,0,1,0
594,0,-0.3693648410115938,0.5618346613021824,0.4327933656785018,-0.4736736092984604,-0.12491978668775715,1,0,0,1
595,0,0.8273772438659699,0.48488031056184405,0.4327933656785018,0.7676298785983874,-0.1621689579829361,1,0,0,1
596,1,-0.3693648410115938,0.0,-0.47454519624983954,-0.4736736092984604,0.016023023618325298,0,0,0,1
597,0,0.8273772438659699,1.4852868701862427,-0.47454519624983954,-0.4736736092984604,-0.6484216535389205,1,0,0,1
598,0,0.8273772438659699,0.0,-0.47454519624983954,-0.4736736092984604,-0.5029485386158568,1,1,0,0
599,1,-1.5661069258891576,1.4852868701862427,0.4327933656785018,-0.4736736092984604,0.49782998024351216,1,1,0,0
600,1,-0.3693648410115938,-0.4385718983222164,1.340131927606843,0.7676298785983874,-0.10478509950117394,0,0,0,1
601,0,0.8273772438659699,0.0,-0.47454519624983954,-0.4736736092984604,-0.4894421904510968,1,0,0,1
602,0,-1.5661069258891576,0.0,-0.47454519624983954,-0.4736736092984604,0.2052890831722074,1,0,0,1
603,0,0.8273772438659699,1.100515116484551,-0.47454519624983954,-0.4736736092984604,-0.4863374216869257,1,0,0,1
604,1,-1.5661069258891576,0.40792595982150565,-0.47454519624983954,-0.4736736092984604,-0.11384570873513637,1,1,0,0
605,0,0.8273772438659699,0.48488031056184405,0.4327933656785018,-0.4736736092984604,-0.3353272677875516,1,0,0,1
606,0,0.8273772438659699,0.02315420611981384,-0.47454519624983954,-0.4736736092984604,-0.4894421904510968,1,0,0,1
607,1,-1.5661069258891576,-0.20770884610120124,-0.47454519624983954,-0.4736736092984604,-0.034313694348132716,1,0,0,1
608,1,-0.3693648410115938,-0.5924805998028931,0.4327933656785018,2.0089333664952354,0.18876253192945994,0,1,0,0
609,1,-1.5661069258891576,0.7926977135231975,-0.47454519624983954,-0.4736736092984604,2.441497778832105,0,0,0,1
610,0,0.8273772438659699,0.7157433627828591,0.4327933656785018,5.73284383018578,-0.01870931177853076,0,0,0,1
611,0,0.8273772438659699,0.0,-0.47454519624983954,-0.4736736092984604,-0.5064721088735089,1,0,0,1
612,1,0.8273772438659699,0.0,0.4327933656785018,-0.4736736092984604,-0.3363340021468808,0,0,1,0
613,0,0.8273772438659699,0.0,-0.47454519624983954,-0.4736736092984604,-0.49237782784290063,1,0,1,0
614,0,0.8273772438659699,0.40792595982150565,-0.47454519624983954,-0.4736736092984604,-0.4863374216869257,1,0,0,1
615,1,-0.3693648410115938,-0.4385718983222164,0.4327933656785018,2.0089333664952354,0.6603330135889879,0,0,0,1
616,0,0.8273772438659699,0.3309716090811673,0.4327933656785018,0.7676298785983874,-0.35848215805212236,1,0,0,1
617,0,0.8273772438659699,-0.2846631968415396,0.4327933656785018,-0.4736736092984604,-0.32425318983493084,0,0,0,1
618,1,-0.3693648410115938,-1.9776589131289837,1.340131927606843,0.7676298785983874,0.13683114673782454,0,0,0,1
619,0,-0.3693648410115938,-0.2846631968415396,-0.47454519624983954,-0.4736736092984604,-0.43700743807979686,1,0,0,1
620,0,0.8273772438659699,-0.20770884610120124,0.4327933656785018,-0.4736736092984604,-0.3573908580066095,1,1,0,0
621,1,-1.5661069258891576,0.9466064150038742,0.4327933656785018,-0.4736736092984604,0.40974072380221066,1,0,0,1
622,1,0.8273772438659699,-0.7463893012835698,0.4327933656785018,0.7676298785983874,-0.33146744825388363,1,1,0,0
623,0,0.8273772438659699,-0.6694349505432314,-0.47454519624983954,-0.4736736092984604,-0.4902797934380587,1,0,0,1
624,0,0.8273772438659699,-0.6694349505432314,-0.47454519624983954,-0.4736736092984604,-0.32425318983493084,1,0,0,1
625,0,-1.5661069258891576,2.4087390790703034,-0.47454519624983954,-0.4736736092984604,0.002347544081197954,1,0,0,1
626,0,-0.3693648410115938,2.1009216761089498,-0.47454519624983954,-0.4736736092984604,-0.3997582667846179,1,0,1,0
627,1,-1.5661069258891576,-0.6694349505432314,-0.47454519624983954,-0.4736736092984604,0.921244330558889,0,0,0,1
628,0,0.8273772438659699,-0.2846631968415396,-0.47454519624983954,-0.4736736092984604,-0.4894421904510968,1,0,0,1
629,0,0.8273772438659699,0.0,-0.47454519624983954,-0.4736736092984604,-0.49271407711891657,1,0,1,0
630,1,-1.5661069258891576,3.8708717431367323,-0.47454519624983954,-0.4736736092984604,-0.04438103794142432,1,0,0,1
631,0,0.8273772438659699,1.6391955716669195,-0.47454519624983954,-0.4736736092984604,-0.5063875431873253,1,0,0,1
632,1,-1.5661069258891576,0.17706290760049057,-0.47454519624983954,-0.4736736092984604,-0.034313694348132716,1,1,0,0
633,0,-1.5661069258891576,0.0,-0.47454519624983954,-0.4736736092984604,-0.6484216535389205,1,0,0,1
634,0,0.8273772438659699,-1.5928871594272918,2.2474704895351842,2.0089333664952354,-0.08666388103324908,0,0,0,1
635,1,-0.3693648410115938,-0.1307544953608629,-0.47454519624983954,-0.4736736092984604,-0.3866707201133388,0,0,0,1
636,0,0.8273772438659699,0.17706290760049057,-0.47454519624983954,-0.4736736092984604,-0.4888542575852486,1,0,0,1
637,0,-0.3693648410115938,0.1001085568601522,0.4327933656785018,0.7676298785983874,-0.11988611489111134,1,0,0,1
638,0,0.8273772438659699,0.8696520642635358,-0.47454519624983954,5.73284383018578,0.1506737441786005,0,0,0,1
639,0,0.8273772438659699,0.0,0.4327933656785018,-0.4736736092984604,-0.32425318983493084,1,0,0,1
640,0,0.8273772438659699,-0.7463893012835698,-0.47454519624983954,-0.4736736092984604,-0.4902797934380587,1,0,0,1
641,1,-1.5661069258891576,-0.4385718983222164,-0.47454519624983954,-0.4736736092984604,0.7469121684912956,0,1,0,0
642,0,0.8273772438659699,-2.1315676146096605,2.2474704895351842,2.0089333664952354,-0.08666388103324908,0,0,0,1
643,1,0.8273772438659699,0.0,-0.47454519624983954,-0.4736736092984604,0.48910360681684706,1,0,0,1
644,1,0.8273772438659699,-2.2277605530350835,1.340131927606843,0.7676298785983874,-0.26066180729354516,0,1,0,0
645,1,-1.5661069258891576,1.4083325194459044,0.4327933656785018,-0.4736736092984604,0.8964967865378598,1,1,0,0
646,0,0.8273772438659699,-0.8233436520239081,-0.47454519624983954,-0.4736736092984604,-0.4894421904510968,1,0,0,1
647,1,-1.5661069258891576,2.0239673253686115,-0.47454519624983954,-0.4736736092984604,0.06635974158478332,1,1,0,0
648,0,0.8273772438659699,0.0,-0.47454519624983954,-0.4736736092984604,-0.49640476528021726,1,0,0,1
649,1,0.8273772438659699,-0.5155262490625547,-0.47454519624983954,-0.4736736092984604,-0.49640476528021726,0,0,0,1
650,0,0.8273772438659699,0.0,-0.47454519624983954,-0.4736736092984604,-0.4894421904510968,1,0,0,1
651,1,-0.3693648410115938,-0.9002980027642465,-0.47454519624983954,0.7676298785983874,-0.18532384824750675,0,0,0,1
652,0,0.8273772438659699,-0.6694349505432314,-0.47454519624983954,-0.4736736092984604,-0.47861979608830835,1,0,0,1
653,1,0.8273772438659699,0.0,-0.47454519624983954,-0.4736736092984604,-0.49078316061772326,0,0,1,0
654,0,0.8273772438659699,-0.9002980027642465,-0.47454519624983954,-0.4736736092984604,-0.5125125150294839,0,0,1,0
655,0,-0.3693648410115938,-0.4385718983222164,1.340131927606843,-0.4736736092984604,0.8314778546749452,1,0,0,1
656,0,0.8273772438659699,0.0,-0.47454519624983954,-0.4736736092984604,-0.4894421904510968,1,0,0,1
657,0,0.8273772438659699,0.17706290760049057,0.4327933656785018,0.7676298785983874,-0.3363340021468808,0,0,1,0
658,0,-0.3693648410115938,-0.5155262490625547,-0.47454519624983954,-0.4736736092984604,-0.3866707201133388,1,0,0,1
659,0,-1.5661069258891576,2.177876026849288,-0.47454519624983954,2.0089333664952354,1.6323350375212924,1,1,0,0
660,1,-1.5661069258891576,1.5622412209265812,1.340131927606843,-0.4736736092984604,2.042579288947925,1,0,0,1
661,0,0.8273772438659699,0.7926977135231975,-0.47454519624983954,-0.4736736092984604,-0.5029485386158568,1,1,0,0
662,0,-1.5661069258891576,1.3313781687055661,-0.47454519624983954,-0.4736736092984604,-0.13322534515222276,1,0,0,1
663,0,0.8273772438659699,0.48488031056184405,-0.47454519624983954,-0.4736736092984604,-0.4974960653257301,1,0,0,1
664,1,0.8273772438659699,-0.7463893012835698,0.4327933656785018,-0.4736736092984604,-0.4888542575852486,1,0,0,1
665,0,-0.3693648410115938,0.17706290760049057,1.340131927606843,-0.4736736092984604,0.8314778546749452,1,0,0,1
666,0,-0.3693648410115938,-0.361617547581878,-0.47454519624983954,-0.4736736092984604,-0.3866707201133388,1,0,0,1
667,0,0.8273772438659699,0.0,-0.47454519624983954,-0.4736736092984604,-0.4918744606632361,1,0,0,1
668,0,0.8273772438659699,1.0235607657442125,-0.47454519624983954,-0.4736736092984604,-0.4863374216869257,1,0,0,1
669,1,-1.5661069258891576,0.0,0.4327933656785018,-0.4736736092984604,0.39858208016340624,0,0,0,1
670,1,-0.3693648410115938,0.7926977135231975,0.4327933656785018,0.7676298785983874,0.13683114673782454,0,0,0,1
671,0,-1.5661069258891576,0.1001085568601522,0.4327933656785018,-0.4736736092984604,0.39858208016340624,1,0,0,1
672,0,-0.3693648410115938,3.1013282357333485,-0.47454519624983954,-0.4736736092984604,-0.43700743807979686,1,0,0,1
673,1,-0.3693648410115938,0.1001085568601522,-0.47454519624983954,-0.4736736092984604,-0.3866707201133388,1,0,0,1
674,0,-0.3693648410115938,0.0,-0.47454519624983954,-0.4736736092984604,-0.6484216535389205,1,0,0,1
675,0,0.8273772438659699,-0.9002980027642465,-0.47454519624983954,-0.4736736092984604,-0.4918744606632361,1,0,0,1
676,0,0.8273772438659699,-0.4000947229520472,-0.47454519624983954,-0.4736736092984604,-0.4863374216869257,1,0,0,1
677,1,0.8273772438659699,-0.9002980027642465,-0.47454519624983954,-0.4736736092984604,-0.45026210265472455,0,0,0,1
678,0,0.8273772438659699,1.0235607657442125,0.4327933656785018,6.974147318082627,0.2958951755118318,0,0,0,1
679,1,-1.5661069258891576,0.48488031056184405,-0.47454519624983954,0.7676298785983874,9.667166525013505,1,1,0,0
680,0,0.8273772438659699,0.0,-0.47454519624983954,-0.4736736092984604,-0.48457563655809965,0,0,1,0
681,1,-1.5661069258891576,-0.20770884610120124,-0.47454519624983954,-0.4736736092984604,0.8964967865378598,1,1,0,0
682,0,0.8273772438659699,-0.7463893012835698,-0.47454519624983954,-0.4736736092984604,-0.4626791642426904,1,0,0,1
683,0,0.8273772438659699,-1.2081154057256,4.0621476133918675,2.0089333664952354,0.2958951755118318,1,0,0,1
684,0,-0.3693648410115938,2.3317847283299646,0.4327933656785018,0.7676298785983874,0.13683114673782454,1,0,0,1
685,0,-0.3693648410115938,-0.361617547581878,0.4327933656785018,2.0089333664952354,0.18876253192945994,1,1,0,0
686,0,0.8273772438659699,-1.2081154057256,3.1548090514635256,0.7676298785983874,0.1506737441786005,1,0,0,1
687,0,0.8273772438659699,-0.8233436520239081,-0.47454519624983954,-0.4736736092984604,-0.44363577710162005,1,0,0,1
688,0,0.8273772438659699,-0.9002980027642465,-0.47454519624983954,-0.4736736092984604,-0.49145565916975514,1,0,0,1
689,1,-1.5661069258891576,-1.1311610549852615,-0.47454519624983954,0.7676298785983874,3.6067927997556075,0,0,0,1
690,1,-1.5661069258891576,0.1001085568601522,0.4327933656785018,-0.4736736092984604,0.49925551609632224,1,0,0,1
691,1,0.8273772438659699,-1.9776589131289837,-0.47454519624983954,0.7676298785983874,-0.37828059596268965,0,1,0,0
692,1,0.8273772438659699,0.0,-0.47454519624983954,-0.4736736092984604,0.48910360681684706,1,0,0,1
693,0,0.8273772438659699,-0.361617547581878,-0.47454519624983954,-0.4736736092984604,-0.5029485386158568,1,1,0,0
694,0,-1.5661069258891576,2.3317847283299646,-0.47454519624983954,-0.4736736092984604,-0.11384570873513637,1,0,0,1
695,0,-0.3693648410115938,1.7161499224072578,-0.47454519624983954,-0.4736736092984604,-0.3766033765200472,1,0,0,1
696,0,0.8273772438659699,1.100515116484551,-0.47454519624983954,-0.4736736092984604,-0.4863374216869257,1,0,0,1
697,1,0.8273772438659699,0.0,-0.47454519624983954,-0.4736736092984604,-0.49271407711891657,0,0,1,0
698,0,-1.5661069258891576,1.4852868701862427,0.4327933656785018,0.7676298785983874,1.5841789061771412,1,1,0,0
699,0,0.8273772438659699,0.9466064150038742,-0.47454519624983954,-0.4736736092984604,-0.494391296561559,1,0,0,1
700,1,-1.5661069258891576,-0.9002980027642465,0.4327933656785018,-0.4736736092984604,3.9327230485884233,0,1,0,0
701,1,-1.5661069258891576,0.40792595982150565,-0.47454519624983954,-0.4736736092984604,-0.11913106412161445,1,0,0,1
702,0,0.8273772438659699,-0.9002980027642465,-0.47454519624983954,0.7676298785983874,-0.3573908580066095,0,1,0,0
703,0,0.8273772438659699,-0.361617547581878,-0.47454519624983954,-0.4736736092984604,-0.4925449457465493,1,0,1,0
704,0,0.8273772438659699,-0.2846631968415396,0.4327933656785018,-0.4736736092984604,-0.4902797934380587,1,0,0,1
705,0,-0.3693648410115938,0.7157433627828591,-0.47454519624983954,-0.4736736092984604,-0.12491978668775715,1,0,0,1
706,1,-0.3693648410115938,1.1774694672248893,-0.47454519624983954,-0.4736736092984604,-0.3766033765200472,0,0,0,1
707,1,-1.5661069258891576,0.9466064150038742,-0.47454519624983954,-0.4736736092984604,-0.11913106412161445,1,0,0,1
708,1,-1.5661069258891576,-0.5924805998028931,-0.47454519624983954,-0.4736736092984604,2.4029901895877646,0,0,0,1
709,1,0.8273772438659699,0.0,0.4327933656785018,0.7676298785983874,-0.3414522396297103,1,1,0,0
710,1,-1.5661069258891576,-0.4385718983222164,-0.47454519624983954,-0.4736736092984604,0.3483299278831318,0,1,0,0
711,0,-1.5661069258891576,0.0,-0.47454519624983954,-0.4736736092984604,-0.11384570873513637,1,0,0,1
712,1,-1.5661069258891576,1.4083325194459044,0.4327933656785018,-0.4736736092984604,0.39858208016340624,1,0,0,1
713,0,0.8273772438659699,-0.05380014462052453,-0.47454519624983954,-0.4736736092984604,-0.457478374542396,1,0,0,1
714,0,-0.3693648410115938,1.7161499224072578,-0.47454519624983954,-0.4736736092984604,-0.3866707201133388,1,0,0,1
715,0,0.8273772438659699,-0.8233436520239081,-0.47454519624983954,-0.4736736092984604,-0.494391296561559,1,0,0,1
716,1,-1.5661069258891576,0.6387890120425208,-0.47454519624983954,-0.4736736092984604,3.9327230485884233,0,1,0,0
717,1,-0.3693648410115938,-0.20770884610120124,-0.47454519624983954,-0.4736736092984604,-0.43700743807979686,0,0,0,1
718,0,0.8273772438659699,0.0,-0.47454519624983954,-0.4736736092984604,-0.3363340021468808,1,0,1,0
719,0,0.8273772438659699,0.25401725834082894,-0.47454519624983954,-0.4736736092984604,-0.4918744606632361,1,0,0,1
720,1,-0.3693648410115938,-1.8237502116483069,-0.47454519624983954,0.7676298785983874,0.016023023618325298,0,0,0,1
721,0,0.8273772438659699,-0.977252353504585,0.4327933656785018,-0.4736736092984604,-0.5063875431873253,1,0,0,1
722,0,-0.3693648410115938,0.3309716090811673,-0.47454519624983954,-0.4736736092984604,-0.3866707201133388,1,0,0,1
723,0,-0.3693648410115938,1.5622412209265812,-0.47454519624983954,-0.4736736092984604,-0.3866707201133388,1,0,0,1
724,1,-1.5661069258891576,-0.20770884610120124,0.4327933656785018,-0.4736736092984604,0.4207302360686478,1,0,0,1
725,0,0.8273772438659699,-0.7463893012835698,-0.47454519624983954,-0.4736736092984604,-0.47400492578514347,1,0,0,1
726,1,-0.3693648410115938,0.02315420611981384,2.2474704895351842,-0.4736736092984604,-0.22559322262067316,0,0,0,1
727,1,0.8273772438659699,0.0,-0.47454519624983954,-0.4736736092984604,-0.4926295114327329,0,0,1,0
728,0,-0.3693648410115938,-0.361617547581878,0.4327933656785018,-0.4736736092984604,-0.12491978668775715,1,0,0,1
729,0,0.8273772438659699,-0.361617547581878,0.4327933656785018,-0.4736736092984604,-0.4888542575852486,0,0,0,1
730,1,-1.5661069258891576,-0.05380014462052453,-0.47454519624983954,-0.4736736092984604,3.6067927997556075,0,0,0,1
731,0,0.8273772438659699,-1.4389784579466152,-0.47454519624983954,-0.4736736092984604,-0.2701412180209885,1,1,0,0
732,0,-0.3693648410115938,0.0,-0.47454519624983954,-0.4736736092984604,-0.6484216535389205,1,0,0,1
733,0,-0.3693648410115938,-0.5155262490625547,-0.47454519624983954,-0.4736736092984604,-0.3866707201133388,1,0,0,1
734,0,-0.3693648410115938,-0.5155262490625547,-0.47454519624983954,-0.4736736092984604,-0.3866707201133388,1,0,0,1
735,0,0.8273772438659699,-0.0922773199906937,-0.47454519624983954,-0.4736736092984604,-0.32425318983493084,1,0,0,1
736,0,0.8273772438659699,1.4083325194459044,0.4327933656785018,3.250236854392083,0.04370821849987721,0,0,0,1
737,1,-1.5661069258891576,0.40792595982150565,-0.47454519624983954,-0.4736736092984604,9.667166525013505,1,1,0,0
738,0,0.8273772438659699,0.0,-0.47454519624983954,-0.4736736092984604,-0.4894421904510968,1,0,0,1
739,0,0.8273772438659699,0.0,-0.47454519624983954,-0.4736736092984604,-0.4894421904510968,1,0,0,1
740,1,-1.5661069258891576,0.0,-0.47454519624983954,-0.4736736092984604,-0.04438103794142432,1,0,0,1
741,0,-1.5661069258891576,0.48488031056184405,0.4327933656785018,-0.4736736092984604,0.9391984311231651,1,0,0,1
742,1,-1.5661069258891576,-0.6694349505432314,1.340131927606843,2.0089333664952354,4.634416897040849,0,1,0,0
743,0,0.8273772438659699,-0.4385718983222164,0.4327933656785018,-0.4736736092984604,-0.32425318983493084,1,0,0,1
744,1,0.8273772438659699,0.1001085568601522,-0.47454519624983954,-0.4736736092984604,-0.4888542575852486,1,0,0,1
745,0,-1.5661069258891576,3.1013282357333485,0.4327933656785018,0.7676298785983874,0.7811411367084872,1,0,0,1
746,0,0.8273772438659699,-1.0542067042449232,0.4327933656785018,0.7676298785983874,-0.24069423801061057,1,0,0,1
747,1,-0.3693648410115938,0.02315420611981384,-0.47454519624983954,-0.4736736092984604,-0.3866707201133388,0,0,0,1
748,0,-1.5661069258891576,-0.8233436520239081,0.4327933656785018,-0.4736736092984604,0.4207302360686478,1,0,0,1
749,0,0.8273772438659699,0.1001085568601522,-0.47454519624983954,-0.4736736092984604,-0.49237782784290063,1,0,1,0
750,1,-0.3693648410115938,-1.9776589131289837,0.4327933656785018,0.7676298785983874,-0.18532384824750675,0,0,0,1
751,1,0.8273772438659699,-1.8237502116483069,-0.47454519624983954,0.7676298785983874,-0.397241430886295,1,0,0,1
752,0,0.8273772438659699,0.25401725834082894,-0.47454519624983954,-0.4736736092984604,-0.45714212526638004,1,0,0,1
753,0,0.8273772438659699,-0.5155262490625547,-0.47454519624983954,-0.4736736092984604,-0.4894421904510968,1,0,0,1
754,1,-0.3693648410115938,1.4083325194459044,0.4327933656785018,2.0089333664952354,0.6603330135889879,0,0,0,1
755,1,-0.3693648410115938,-2.23391690109431,0.4327933656785018,0.7676298785983874,-0.35646868933346404,1,0,0,1
756,0,0.8273772438659699,-0.1307544953608629,-0.47454519624983954,-0.4736736092984604,-0.49145565916975514,1,0,0,1
757,0,-0.3693648410115938,-0.9002980027642465,-0.47454519624983954,-0.4736736092984604,-0.41687275089321363,1,0,0,1
758,0,0.8273772438659699,0.3309716090811673,-0.47454519624983954,-0.4736736092984604,-0.4863374216869257,1,0,0,1
759,1,-1.5661069258891576,0.25401725834082894,-0.47454519624983954,-0.4736736092984604,1.093228788100527,0,0,0,1
760,0,0.8273772438659699,0.0,-0.47454519624983954,-0.4736736092984604,-0.35646868933346404,1,0,0,1
761,0,0.8273772438659699,0.8696520642635358,-0.47454519624983954,-0.4736736092984604,-0.5049620073345151,1,0,0,1
762,1,0.8273772438659699,-0.7463893012835698,-0.47454519624983954,-0.4736736092984604,-0.5028639729296732,1,1,0,0
763,1,-1.5661069258891576,0.48488031056184405,0.4327933656785018,2.0089333664952354,1.7677408088510642,0,0,0,1
764,0,0.8273772438659699,-1.0542067042449232,-0.47454519624983954,-0.4736736092984604,-0.4918744606632361,1,0,0,1
765,1,-1.5661069258891576,1.6391955716669195,0.4327933656785018,-0.4736736092984604,0.921244330558889,0,0,0,1
766,0,-1.5661069258891576,0.0,-0.47454519624983954,-0.4736736092984604,0.1489119590497745,1,1,0,0
767,0,0.8273772438659699,0.061631381489983025,-0.47454519624983954,-0.4736736092984604,-0.49237782784290063,0,0,1,0
768,0,0.8273772438659699,0.0,0.4327933656785018,-0.4736736092984604,-0.1621689579829361,1,0,1,0
769,0,0.8273772438659699,0.17706290760049057,-0.47454519624983954,-0.4736736092984604,-0.4800453319411184,1,0,0,1
770,0,0.8273772438659699,-0.4385718983222164,-0.47454519624983954,-0.4736736092984604,-0.45714212526638004,1,0,0,1
771,0,0.8273772438659699,1.4083325194459044,-0.47454519624983954,-0.4736736092984604,-0.4902797934380587,1,0,0,1
772,0,-0.3693648410115938,2.1009216761089498,-0.47454519624983954,-0.4736736092984604,-0.43700743807979686,0,0,0,1
773,0,0.8273772438659699,0.0,-0.47454519624983954,-0.4736736092984604,-0.5029485386158568,1,1,0,0
774,1,-0.3693648410115938,1.8700586238879346,0.4327933656785018,3.250236854392083,-0.18532384824750675,0,0,0,1
775,0,0.8273772438659699,-0.9002980027642465,-0.47454519624983954,-0.4736736092984604,-0.49237782784290063,1,0,0,1
776,0,0.8273772438659699,0.0,-0.47454519624983954,-0.4736736092984604,-0.49237782784290063,1,0,1,0
777,1,0.8273772438659699,-1.9007045623886454,-0.47454519624983954,-0.4736736092984604,-0.397241430886295,0,0,0,1
778,0,0.8273772438659699,0.0,-0.47454519624983954,-0.4736736092984604,-0.4926295114327329,1,0,1,0
779,1,-1.5661069258891576,1.0235607657442125,-0.47454519624983954,0.7676298785983874,3.6067927997556075,0,0,0,1
780,1,0.8273772438659699,-1.2850697564659384,-0.47454519624983954,-0.4736736092984604,-0.5028639729296732,0,1,0,0
781,1,-1.5661069258891576,-0.977252353504585,0.4327933656785018,-0.4736736092984604,0.49925551609632224,0,0,0,1
782,0,-1.5661069258891576,-0.05380014462052453,-0.47454519624983954,-0.4736736092984604,-0.04438103794142432,1,0,0,1
783,0,0.8273772438659699,0.0,0.4327933656785018,2.0089333664952354,-0.17626323901354432,1,0,0,1
784,0,0.8273772438659699,-0.361617547581878,-0.47454519624983954,-0.4736736092984604,-0.5064721088735089,1,0,0,1
785,0,0.8273772438659699,-0.361617547581878,-0.47454519624983954,-0.4736736092984604,-0.5024451714361923,1,0,0,1
786,1,0.8273772438659699,-0.9002980027642465,-0.47454519624983954,-0.4736736092984604,-0.4974960653257301,0,0,0,1
787,0,0.8273772438659699,-1.6698415101676303,3.1548090514635256,0.7676298785983874,-0.06199888922968463,1,0,1,0
788,1,0.8273772438659699,-2.208521965349999,0.4327933656785018,2.0089333664952354,-0.23415046467497105,1,0,0,1
789,0,-1.5661069258891576,1.2544238179652276,-0.47454519624983954,-0.4736736092984604,0.9462455716384695,1,1,0,0
790,0,0.8273772438659699,0.0,-0.47454519624983954,-0.4736736092984604,-0.49237782784290063,1,0,1,0
791,0,-0.3693648410115938,-1.0542067042449232,-0.47454519624983954,-0.4736736092984604,-0.12491978668775715,1,0,0,1
792,0,0.8273772438659699,0.0,6.784163299176891,2.0089333664952354,0.7519458402879414,0,0,0,1
793,0,-1.5661069258891576,0.0,-0.47454519624983954,-0.4736736092984604,-0.030371322596999754,1,1,0,0
794,0,0.8273772438659699,-0.361617547581878,-0.47454519624983954,-0.4736736092984604,-0.4894421904510968,1,0,0,1
795,0,-0.3693648410115938,0.7157433627828591,-0.47454519624983954,-0.4736736092984604,-0.3866707201133388,1,0,0,1
796,1,-1.5661069258891576,1.4852868701862427,-0.47454519624983954,-0.4736736092984604,-0.1263453225405672,0,0,0,1
797,1,0.8273772438659699,0.1001085568601522,-0.47454519624983954,-0.4736736092984604,-0.4735861242916626,0,0,0,1
798,0,0.8273772438659699,0.02315420611981384,-0.47454519624983954,-0.4736736092984604,-0.5028639729296732,1,1,0,0
799,0,0.8273772438659699,0.02315420611981384,0.4327933656785018,0.7676298785983874,-0.1621689579829361,0,0,0,1
800,0,-0.3693648410115938,0.3309716090811673,-0.47454519624983954,-0.4736736092984604,-0.3866707201133388,1,0,0,1
801,1,-0.3693648410115938,0.1001085568601522,0.4327933656785018,0.7676298785983874,-0.11988611489111134,0,0,0,1
802,1,-1.5661069258891576,-1.4389784579466152,0.4327933656785018,2.0089333664952354,1.7677408088510642,1,0,0,1
803,1,0.8273772438659699,-2.2531554887793948,-0.47454519624983954,0.7676298785983874,-0.47694056317694733,1,1,0,0
804,1,0.8273772438659699,-0.20770884610120124,-0.47454519624983954,-0.4736736092984604,-0.5079822104125026,1,0,0,1
805,0,0.8273772438659699,0.1001085568601522,-0.47454519624983954,-0.4736736092984604,-0.4918744606632361,1,0,0,1
806,0,-1.5661069258891576,0.7157433627828591,-0.47454519624983954,-0.4736736092984604,-0.6484216535389205,1,0,0,1
807,0,0.8273772438659699,-0.9002980027642465,-0.47454519624983954,-0.4736736092984604,-0.4918744606632361,0,0,0,1
808,0,-0.3693648410115938,0.7157433627828591,-0.47454519624983954,-0.4736736092984604,-0.3866707201133388,1,0,0,1
809,1,-1.5661069258891576,0.25401725834082894,0.4327933656785018,-0.4736736092984604,0.4207302360686478,0,0,0,1
810,0,0.8273772438659699,-0.2846631968415396,-0.47454519624983954,-0.4736736092984604,-0.4896093083547455,1,0,0,1
811,0,0.8273772438659699,0.7157433627828591,-0.47454519624983954,-0.4736736092984604,-0.1621689579829361,1,0,0,1
812,0,-0.3693648410115938,0.40792595982150565,-0.47454519624983954,-0.4736736092984604,-0.43700743807979686,1,0,0,1
813,0,0.8273772438659699,-1.8237502116483069,3.1548090514635256,2.0089333664952354,-0.01870931177853076,0,0,0,1
814,0,0.8273772438659699,0.061631381489983025,-0.47454519624983954,-0.4736736092984604,-0.4863374216869257,1,0,0,1
815,0,-1.5661069258891576,0.0,-0.47454519624983954,-0.4736736092984604,-0.6484216535389205,1,0,0,1
816,0,0.8273772438659699,-0.5155262490625547,-0.47454519624983954,-0.4736736092984604,-0.4888542575852486,0,0,0,1
817,0,-0.3693648410115938,0.1001085568601522,0.4327933656785018,0.7676298785983874,0.09664633805084172,1,1,0,0
818,0,0.8273772438659699,1.0235607657442125,-0.47454519624983954,-0.4736736092984604,-0.5185529211854588,1,0,0,1
819,0,0.8273772438659699,-1.5159328086869535,2.2474704895351842,2.0089333664952354,-0.08666388103324908,1,0,0,1
820,1,-1.5661069258891576,1.7161499224072578,0.4327933656785018,0.7676298785983874,1.2341715984066093,0,0,0,1
821,1,0.8273772438659699,-0.20770884610120124,-0.47454519624983954,-0.4736736092984604,-0.47400492578514347,1,0,0,1
822,0,-1.5661069258891576,0.6387890120425208,-0.47454519624983954,-0.4736736092984604,-0.6484216535389205,1,0,0,1
823,1,0.8273772438659699,-0.20770884610120124,-0.47454519624983954,0.7676298785983874,-0.397241430886295,0,0,0,1
824,0,0.8273772438659699,-2.1315676146096605,3.1548090514635256,0.7676298785983874,0.1506737441786005,1,0,0,1
825,0,0.8273772438659699,0.0,-0.47454519624983954,-0.4736736092984604,-0.5084855775921673,1,0,1,0
826,0,0.8273772438659699,0.0,-0.47454519624983954,-0.4736736092984604,0.48910360681684706,1,0,0,1
827,1,-0.3693648410115938,-2.208521965349999,-0.47454519624983954,2.0089333664952354,0.09664633805084172,1,1,0,0
828,1,0.8273772438659699,0.0,-0.47454519624983954,-0.4736736092984604,-0.49237782784290063,1,0,1,0
829,1,-1.5661069258891576,2.4856934298106417,-0.47454519624983954,-0.4736736092984604,0.962353321387736,0,0,0,1
830,1,0.8273772438659699,-1.1311610549852615,0.4327933656785018,-0.4736736092984604,-0.3573908580066095,0,1,0,0
831,1,-0.3693648410115938,-2.2216042049758564,0.4327933656785018,0.7676298785983874,-0.2708962687904854,1,0,0,1
832,0,0.8273772438659699,0.0,-0.47454519624983954,-0.4736736092984604,-0.5028639729296732,1,1,0,0
833,0,0.8273772438659699,-0.5155262490625547,-0.47454519624983954,-0.4736736092984604,-0.4902797934380587,1,0,0,1
834,0,0.8273772438659699,-0.9002980027642465,-0.47454519624983954,-0.4736736092984604,-0.48130374989027985,1,0,0,1
835,1,-1.5661069258891576,0.7157433627828591,0.4327933656785018,0.7676298785983874,1.0259447039291216,0,1,0,0
836,0,0.8273772438659699,-0.6694349505432314,-0.47454519624983954,-0.4736736092984604,-0.47400492578514347,1,0,0,1
837,0,0.8273772438659699,0.0,-0.47454519624983954,-0.4736736092984604,-0.4863374216869257,1,0,0,1
838,1,0.8273772438659699,0.17706290760049057,-0.47454519624983954,-0.4736736092984604,0.48910360681684706,1,0,0,1
839,1,-1.5661069258891576,0.0,-0.47454519624983954,-0.4736736092984604,-0.05042144409739929,1,1,0,0
840,0,0.8273772438659699,-0.7463893012835698,-0.47454519624983954,-0.4736736092984604,-0.4888542575852486,1,0,0,1
841,0,-0.3693648410115938,-1.0542067042449232,-0.47454519624983954,-0.4736736092984604,-0.43700743807979686,1,0,0,1
842,1,-1.5661069258891576,0.02315420611981384,-0.47454519624983954,-0.4736736092984604,-0.024246350754841113,0,1,0,0
843,0,0.8273772438659699,0.3694487844513365,-0.47454519624983954,-0.4736736092984604,-0.5188046047752911,1,1,0,0
844,0,0.8273772438659699,-0.977252353504585,-0.47454519624983954,-0.4736736092984604,-0.47400492578514347,1,0,0,1
845,0,0.8273772438659699,0.9466064150038742,-0.47454519624983954,-0.4736736092984604,-0.49640476528021726,1,0,0,1
846,0,0.8273772438659699,0.0,6.784163299176891,2.0089333664952354,0.7519458402879414,1,0,0,1
847,0,0.8273772438659699,0.40792595982150565,-0.47454519624983954,-0.4736736092984604,-0.4894421904510968,1,1,0,0
848,0,-0.3693648410115938,-0.1307544953608629,-0.47454519624983954,0.7676298785983874,0.016023023618325298,1,0,0,1
849,1,-1.5661069258891576,0.0,0.4327933656785018,-0.4736736092984604,1.145663540471827,0,1,0,0
850,0,0.8273772438659699,-1.9776589131289837,3.1548090514635256,2.0089333664952354,-0.01870931177853076,1,0,0,1
851,0,0.8273772438659699,3.409145638694702,-0.47454519624983954,-0.4736736092984604,-0.4918744606632361,1,0,0,1
852,0,0.8273772438659699,-1.5928871594272918,0.4327933656785018,0.7676298785983874,-0.3414522396297103,0,1,0,0
853,1,-1.5661069258891576,-1.0542067042449232,-0.47454519624983954,0.7676298785983874,0.14488502161245778,0,0,0,1
854,0,-0.3693648410115938,1.100515116484551,0.4327933656785018,-0.4736736092984604,-0.12491978668775715,0,0,0,1
855,1,0.8273772438659699,-0.9002980027642465,-0.47454519624983954,0.7676298785983874,-0.4601623283443675,0,0,0,1
856,1,-1.5661069258891576,1.1774694672248893,0.4327933656785018,0.7676298785983874,2.671117778445337,0,0,0,1
857,1,-1.5661069258891576,1.6391955716669195,-0.47454519624983954,-0.4736736092984604,-0.11384570873513637,1,0,0,1
858,1,0.8273772438659699,-0.4385718983222164,-0.47454519624983954,3.250236854392083,-0.26066180729354516,0,1,0,0
859,0,0.8273772438659699,0.0,-0.47454519624983954,-0.4736736092984604,-0.5028639729296732,1,1,0,0
860,0,0.8273772438659699,0.8696520642635358,1.340131927606843,-0.4736736092984604,-0.36435544630444866,1,0,0,1
861,0,-0.3693648410115938,-0.6694349505432314,0.4327933656785018,-0.4736736092984604,-0.41687275089321363,1,0,0,1
862,1,-1.5661069258891576,1.4083325194459044,-0.47454519624983954,-0.4736736092984604,-0.1263453225405672,0,0,0,1
863,0,0.8273772438659699,0.0,6.784163299176891,2.0089333664952354,0.7519458402879414,0,0,0,1
864,0,-0.3693648410115938,-0.4385718983222164,-0.47454519624983954,-0.4736736092984604,-0.3866707201133388,1,0,0,1
865,1,-0.3693648410115938,0.9466064150038742,-0.47454519624983954,-0.4736736092984604,-0.3866707201133388,0,0,0,1
866,1,-0.3693648410115938,-0.20770884610120124,0.4327933656785018,-0.4736736092984604,-0.3693891181010945,0,1,0,0
867,0,-1.5661069258891576,0.1001085568601522,-0.47454519624983954,-0.4736736092984604,0.3682954836973478,1,0,0,1
868,0,0.8273772438659699,0.0,-0.47454519624983954,-0.4736736092984604,-0.45714212526638004,1,0,0,1
869,1,0.8273772438659699,-1.9776589131289837,0.4327933656785018,0.7676298785983874,-0.4242561406845337,1,0,0,1
870,0,0.8273772438659699,-0.2846631968415396,-0.47454519624983954,-0.4736736092984604,-0.4894421904510968,1,0,0,1
871,1,-1.5661069258891576,1.3313781687055661,0.4327933656785018,0.7676298785983874,0.40974072380221066,0,0,0,1
872,0,-1.5661069258891576,0.25401725834082894,-0.47454519624983954,-0.4736736092984604,-0.5477482176060045,1,0,0,1
873,0,0.8273772438659699,1.3313781687055661,-0.47454519624983954,-0.4736736092984604,-0.46720946885967163,1,0,0,1
874,1,-0.3693648410115938,-0.1307544953608629,0.4327933656785018,-0.4736736092984604,-0.16518916106092355,0,1,0,0
875,1,0.8273772438659699,-1.1311610549852615,-0.47454519624983954,-0.4736736092984604,-0.5029485386158568,0,1,0,0
876,0,0.8273772438659699,-0.7463893012835698,-0.47454519624983954,-0.4736736092984604,-0.45017955043725955,1,0,0,1
877,0,0.8273772438659699,-0.8233436520239081,-0.47454519624983954,-0.4736736092984604,-0.4894421904510968,1,0,0,1
878,0,0.8273772438659699,0.0,-0.47454519624983954,-0.4736736092984604,-0.4894421904510968,1,0,0,1
879,1,-1.5661069258891576,2.0239673253686115,-0.47454519624983954,0.7676298785983874,1.0259447039291216,0,1,0,0
880,1,-0.3693648410115938,-0.361617547581878,-0.47454519624983954,0.7676298785983874,-0.12491978668775715,0,0,0,1
881,0,0.8273772438659699,0.25401725834082894,-0.47454519624983954,-0.4736736092984604,-0.4894421904510968,1,0,0,1
882,0,0.8273772438659699,-0.5924805998028931,-0.47454519624983954,-0.4736736092984604,-0.4366711888037809,0,0,0,1
883,0,-0.3693648410115938,-0.1307544953608629,-0.47454519624983954,-0.4736736092984604,-0.43700743807979686,1,0,0,1
884,0,0.8273772438659699,-0.361617547581878,-0.47454519624983954,-0.4736736092984604,-0.5064721088735089,1,0,0,1
885,0,0.8273772438659699,0.7157433627828591,-0.47454519624983954,5.73284383018578,-0.06199888922968463,0,0,1,0
886,0,-0.3693648410115938,-0.20770884610120124,-0.47454519624983954,-0.4736736092984604,-0.3866707201133388,1,0,0,1
887,1,-1.5661069258891576,-0.8233436520239081,-0.47454519624983954,-0.4736736092984604,-0.04438103794142432,0,0,0,1
888,0,0.8273772438659699,0.0,0.4327933656785018,2.0089333664952354,-0.17626323901354432,0,0,0,1
889,1,-1.5661069258891576,-0.2846631968415396,-0.47454519624983954,-0.4736736092984604,-0.04438103794142432,1,1,0,0
890,0,0.8273772438659699,0.17706290760049057,-0.47454519624983954,-0.4736736092984604,-0.49237782784290063,1,0,1,0
